<?xml version="1.0" encoding="utf-8"?>
<d2LogicalModel extensionName="TipiExtension" extensionVersion="0.3.FR.0.1" modelBaseVersion="2" xmlns="http://datex2.eu/schema/2/2_0" xmlns:xsi="http://www.w3.org/2001/XMLSchema-instance">
	<exchange>
		<clientIdentification>TIPI</clientIdentification>
		<supplierIdentification>
			<country>fr</country>
			<nationalIdentifier>TraficLimoges</nationalIdentifier>
		</supplierIdentification>
	</exchange>
	<payloadPublication xsi:type="MeasuredDataPublication" lang="fr">
		<publicationTime>2022-05-24T09:00:20</publicationTime>
		<publicationCreator>
			<country>fr</country>
			<nationalIdentifier>TraficLimoges</nationalIdentifier>
		</publicationCreator>
		<measurementSiteTableReference targetClass="MeasurementSiteTable" id="TraficLimoges" version="1"></measurementSiteTableReference>
		<headerInformation>
			<confidentiality>noRestriction</confidentiality>
			<informationStatus>real</informationStatus>
		</headerInformation>
		<siteMeasurements>
			<measurementSiteReference targetClass="MeasurementSiteRecord" id="MDC18.51" version="1.0"></measurementSiteReference>
			<measurementTimeDefault>2022-05-24T08:59:00+02:00</measurementTimeDefault>
			<measuredValue index="7">
				<measuredValue>
					<basicData xsi:type="TrafficStatus">
						<trafficStatus numberOfInputValuesUsed="9">
							<trafficStatusValue>freeFlow</trafficStatusValue>
						</trafficStatus>
					</basicData>
				</measuredValue>
			</measuredValue>
		</siteMeasurements>
		<siteMeasurements>
			<measurementSiteReference targetClass="MeasurementSiteRecord" id="MDI36.71" version="1.0"></measurementSiteReference>
			<measurementTimeDefault>2022-05-24T08:59:00+02:00</measurementTimeDefault>
			<measuredValue index="7">
				<measuredValue>
					<basicData xsi:type="TrafficStatus">
						<trafficStatus numberOfInputValuesUsed="20">
							<trafficStatusValue>freeFlow</trafficStatusValue>
						</trafficStatus>
					</basicData>
				</measuredValue>
			</measuredValue>
		</siteMeasurements>
		<siteMeasurements>
			<measurementSiteReference targetClass="MeasurementSiteRecord" id="MDI36.81" version="1.0"></measurementSiteReference>
			<measurementTimeDefault>2022-05-24T08:59:00+02:00</measurementTimeDefault>
			<measuredValue index="7">
				<measuredValue>
					<basicData xsi:type="TrafficStatus">
						<trafficStatus numberOfInputValuesUsed="13">
							<trafficStatusValue>freeFlow</trafficStatusValue>
						</trafficStatus>
					</basicData>
				</measuredValue>
			</measuredValue>
		</siteMeasurements>
		<siteMeasurements>
			<measurementSiteReference targetClass="MeasurementSiteRecord" id="MDI36.91" version="1.0"></measurementSiteReference>
			<measurementTimeDefault>2022-05-24T08:59:00+02:00</measurementTimeDefault>
			<measuredValue index="7">
				<measuredValue>
					<basicData xsi:type="TrafficStatus">
						<trafficStatus numberOfInputValuesUsed="12">
							<trafficStatusValue>freeFlow</trafficStatusValue>
						</trafficStatus>
					</basicData>
				</measuredValue>
			</measuredValue>
		</siteMeasurements>
		<siteMeasurements>
			<measurementSiteReference targetClass="MeasurementSiteRecord" id="MDI36.E1" version="1.0"></measurementSiteReference>
			<measurementTimeDefault>2022-05-24T08:59:00+02:00</measurementTimeDefault>
			<measuredValue index="7">
				<measuredValue>
					<basicData xsi:type="TrafficStatus">
						<trafficStatus numberOfInputValuesUsed="11">
							<trafficStatusValue>freeFlow</trafficStatusValue>
						</trafficStatus>
					</basicData>
				</measuredValue>
			</measuredValue>
		</siteMeasurements>
		<siteMeasurements>
			<measurementSiteReference targetClass="MeasurementSiteRecord" id="MDI36.31" version="1.0"></measurementSiteReference>
			<measurementTimeDefault>2022-05-24T08:59:00+02:00</measurementTimeDefault>
			<measuredValue index="7">
				<measuredValue>
					<basicData xsi:type="TrafficStatus">
						<trafficStatus numberOfInputValuesUsed="6">
							<trafficStatusValue>freeFlow</trafficStatusValue>
						</trafficStatus>
					</basicData>
				</measuredValue>
			</measuredValue>
		</siteMeasurements>
		<siteMeasurements>
			<measurementSiteReference targetClass="MeasurementSiteRecord" id="MDI36.41" version="1.0"></measurementSiteReference>
			<measurementTimeDefault>2022-05-24T08:59:00+02:00</measurementTimeDefault>
			<measuredValue index="7">
				<measuredValue>
					<basicData xsi:type="TrafficStatus">
						<trafficStatus numberOfInputValuesUsed="18">
							<trafficStatusValue>freeFlow</trafficStatusValue>
						</trafficStatus>
					</basicData>
				</measuredValue>
			</measuredValue>
		</siteMeasurements>
		<siteMeasurements>
			<measurementSiteReference targetClass="MeasurementSiteRecord" id="MDI36.G1" version="1.0"></measurementSiteReference>
			<measurementTimeDefault>2022-05-24T08:59:00+02:00</measurementTimeDefault>
			<measuredValue index="7">
				<measuredValue>
					<basicData xsi:type="TrafficStatus">
						<trafficStatus numberOfInputValuesUsed="15">
							<trafficStatusValue>freeFlow</trafficStatusValue>
						</trafficStatus>
					</basicData>
				</measuredValue>
			</measuredValue>
		</siteMeasurements>
		<siteMeasurements>
			<measurementSiteReference targetClass="MeasurementSiteRecord" id="MDI36.F1" version="1.0"></measurementSiteReference>
			<measurementTimeDefault>2022-05-24T08:59:00+02:00</measurementTimeDefault>
			<measuredValue index="7">
				<measuredValue>
					<basicData xsi:type="TrafficStatus">
						<trafficStatus numberOfInputValuesUsed="16">
							<trafficStatusValue>freeFlow</trafficStatusValue>
						</trafficStatus>
					</basicData>
				</measuredValue>
			</measuredValue>
		</siteMeasurements>
		<siteMeasurements>
			<measurementSiteReference targetClass="MeasurementSiteRecord" id="MDI36.H1" version="1.0"></measurementSiteReference>
			<measurementTimeDefault>2022-05-24T08:59:00+02:00</measurementTimeDefault>
			<measuredValue index="7">
				<measuredValue>
					<basicData xsi:type="TrafficStatus">
						<trafficStatus numberOfInputValuesUsed="9">
							<trafficStatusValue>freeFlow</trafficStatusValue>
						</trafficStatus>
					</basicData>
				</measuredValue>
			</measuredValue>
		</siteMeasurements>
		<siteMeasurements>
			<measurementSiteReference targetClass="MeasurementSiteRecord" id="MDI36.11" version="1.0"></measurementSiteReference>
			<measurementTimeDefault>2022-05-24T08:59:00+02:00</measurementTimeDefault>
			<measuredValue index="7">
				<measuredValue>
					<basicData xsi:type="TrafficStatus">
						<trafficStatus numberOfInputValuesUsed="7">
							<trafficStatusValue>freeFlow</trafficStatusValue>
						</trafficStatus>
					</basicData>
				</measuredValue>
			</measuredValue>
		</siteMeasurements>
		<siteMeasurements>
			<measurementSiteReference targetClass="MeasurementSiteRecord" id="MDI36.I1" version="1.0"></measurementSiteReference>
			<measurementTimeDefault>2022-05-24T08:59:00+02:00</measurementTimeDefault>
			<measuredValue index="7">
				<measuredValue>
					<basicData xsi:type="TrafficStatus">
						<trafficStatus numberOfInputValuesUsed="7">
							<trafficStatusValue>freeFlow</trafficStatusValue>
						</trafficStatus>
					</basicData>
				</measuredValue>
			</measuredValue>
		</siteMeasurements>
		<siteMeasurements>
			<measurementSiteReference targetClass="MeasurementSiteRecord" id="MBR23.L1" version="1.0"></measurementSiteReference>
			<measurementTimeDefault>2022-05-24T08:59:00+02:00</measurementTimeDefault>
			<measuredValue index="7">
				<measuredValue>
					<basicData xsi:type="TrafficStatus">
						<trafficStatus numberOfInputValuesUsed="21">
							<trafficStatusValue>freeFlow</trafficStatusValue>
						</trafficStatus>
					</basicData>
				</measuredValue>
			</measuredValue>
		</siteMeasurements>
		<siteMeasurements>
			<measurementSiteReference targetClass="MeasurementSiteRecord" id="MDC18.11" version="1.0"></measurementSiteReference>
			<measurementTimeDefault>2022-05-24T08:59:00+02:00</measurementTimeDefault>
			<measuredValue index="7">
				<measuredValue>
					<basicData xsi:type="TrafficStatus">
						<trafficStatus numberOfInputValuesUsed="15">
							<trafficStatusValue>freeFlow</trafficStatusValue>
						</trafficStatus>
					</basicData>
				</measuredValue>
			</measuredValue>
		</siteMeasurements>
		<siteMeasurements>
			<measurementSiteReference targetClass="MeasurementSiteRecord" id="MBW87.51" version="1.0"></measurementSiteReference>
			<measurementTimeDefault>2022-05-24T08:59:00+02:00</measurementTimeDefault>
			<measuredValue index="7">
				<measuredValue>
					<basicData xsi:type="TrafficStatus">
						<trafficStatus numberOfInputValuesUsed="4">
							<trafficStatusValue>freeFlow</trafficStatusValue>
						</trafficStatus>
					</basicData>
				</measuredValue>
			</measuredValue>
		</siteMeasurements>
		<siteMeasurements>
			<measurementSiteReference targetClass="MeasurementSiteRecord" id="MDC18.41" version="1.0"></measurementSiteReference>
			<measurementTimeDefault>2022-05-24T08:59:00+02:00</measurementTimeDefault>
			<measuredValue index="7">
				<measuredValue>
					<basicData xsi:type="TrafficStatus">
						<trafficStatus numberOfInputValuesUsed="10">
							<trafficStatusValue>freeFlow</trafficStatusValue>
						</trafficStatus>
					</basicData>
				</measuredValue>
			</measuredValue>
		</siteMeasurements>
		<siteMeasurements>
			<measurementSiteReference targetClass="MeasurementSiteRecord" id="MDI36.61" version="1.0"></measurementSiteReference>
			<measurementTimeDefault>2022-05-24T08:59:00+02:00</measurementTimeDefault>
			<measuredValue index="7">
				<measuredValue>
					<basicData xsi:type="TrafficStatus">
						<trafficStatus numberOfInputValuesUsed="12">
							<trafficStatusValue>freeFlow</trafficStatusValue>
						</trafficStatus>
					</basicData>
				</measuredValue>
			</measuredValue>
		</siteMeasurements>
		<siteMeasurements>
			<measurementSiteReference targetClass="MeasurementSiteRecord" id="MDC18.12" version="1.0"></measurementSiteReference>
			<measurementTimeDefault>2022-05-24T08:59:00+02:00</measurementTimeDefault>
			<measuredValue index="7">
				<measuredValue>
					<basicData xsi:type="TrafficStatus">
						<trafficStatus numberOfInputValuesUsed="9">
							<trafficStatusValue>freeFlow</trafficStatusValue>
						</trafficStatus>
					</basicData>
				</measuredValue>
			</measuredValue>
		</siteMeasurements>
		<siteMeasurements>
			<measurementSiteReference targetClass="MeasurementSiteRecord" id="MDC18.32" version="1.0"></measurementSiteReference>
			<measurementTimeDefault>2022-05-24T08:59:00+02:00</measurementTimeDefault>
			<measuredValue index="7">
				<measuredValue>
					<basicData xsi:type="TrafficStatus">
						<trafficStatus numberOfInputValuesUsed="8">
							<trafficStatusValue>freeFlow</trafficStatusValue>
						</trafficStatus>
					</basicData>
				</measuredValue>
			</measuredValue>
		</siteMeasurements>
		<siteMeasurements>
			<measurementSiteReference targetClass="MeasurementSiteRecord" id="MDC18.42" version="1.0"></measurementSiteReference>
			<measurementTimeDefault>2022-05-24T08:59:00+02:00</measurementTimeDefault>
			<measuredValue index="7">
				<measuredValue>
					<basicData xsi:type="TrafficStatus">
						<trafficStatus numberOfInputValuesUsed="10">
							<trafficStatusValue>freeFlow</trafficStatusValue>
						</trafficStatus>
					</basicData>
				</measuredValue>
			</measuredValue>
		</siteMeasurements>
		<siteMeasurements>
			<measurementSiteReference targetClass="MeasurementSiteRecord" id="MDC18.52" version="1.0"></measurementSiteReference>
			<measurementTimeDefault>2022-05-24T08:59:00+02:00</measurementTimeDefault>
			<measuredValue index="7">
				<measuredValue>
					<basicData xsi:type="TrafficStatus">
						<trafficStatus numberOfInputValuesUsed="3">
							<trafficStatusValue>freeFlow</trafficStatusValue>
						</trafficStatus>
					</basicData>
				</measuredValue>
			</measuredValue>
		</siteMeasurements>
		<siteMeasurements>
			<measurementSiteReference targetClass="MeasurementSiteRecord" id="MDI36.72" version="1.0"></measurementSiteReference>
			<measurementTimeDefault>2022-05-24T08:59:00+02:00</measurementTimeDefault>
			<measuredValue index="7">
				<measuredValue>
					<basicData xsi:type="TrafficStatus">
						<trafficStatus numberOfInputValuesUsed="6">
							<trafficStatusValue>freeFlow</trafficStatusValue>
						</trafficStatus>
					</basicData>
				</measuredValue>
			</measuredValue>
		</siteMeasurements>
		<siteMeasurements>
			<measurementSiteReference targetClass="MeasurementSiteRecord" id="MDI36.82" version="1.0"></measurementSiteReference>
			<measurementTimeDefault>2022-05-24T08:59:00+02:00</measurementTimeDefault>
			<measuredValue index="7">
				<measuredValue>
					<basicData xsi:type="TrafficStatus">
						<trafficStatus numberOfInputValuesUsed="10">
							<trafficStatusValue>freeFlow</trafficStatusValue>
						</trafficStatus>
					</basicData>
				</measuredValue>
			</measuredValue>
		</siteMeasurements>
		<siteMeasurements>
			<measurementSiteReference targetClass="MeasurementSiteRecord" id="MDI36.92" version="1.0"></measurementSiteReference>
			<measurementTimeDefault>2022-05-24T08:59:00+02:00</measurementTimeDefault>
			<measuredValue index="7">
				<measuredValue>
					<basicData xsi:type="TrafficStatus">
						<trafficStatus numberOfInputValuesUsed="5">
							<trafficStatusValue>freeFlow</trafficStatusValue>
						</trafficStatus>
					</basicData>
				</measuredValue>
			</measuredValue>
		</siteMeasurements>
		<siteMeasurements>
			<measurementSiteReference targetClass="MeasurementSiteRecord" id="MDI36.32" version="1.0"></measurementSiteReference>
			<measurementTimeDefault>2022-05-24T08:59:00+02:00</measurementTimeDefault>
			<measuredValue index="7">
				<measuredValue>
					<basicData xsi:type="TrafficStatus">
						<trafficStatus numberOfInputValuesUsed="14">
							<trafficStatusValue>freeFlow</trafficStatusValue>
						</trafficStatus>
					</basicData>
				</measuredValue>
			</measuredValue>
		</siteMeasurements>
		<siteMeasurements>
			<measurementSiteReference targetClass="MeasurementSiteRecord" id="MDI36.E2" version="1.0"></measurementSiteReference>
			<measurementTimeDefault>2022-05-24T08:59:00+02:00</measurementTimeDefault>
			<measuredValue index="7">
				<measuredValue>
					<basicData xsi:type="TrafficStatus">
						<trafficStatus numberOfInputValuesUsed="0">
							<trafficStatusValue>freeFlow</trafficStatusValue>
						</trafficStatus>
					</basicData>
				</measuredValue>
			</measuredValue>
		</siteMeasurements>
		<siteMeasurements>
			<measurementSiteReference targetClass="MeasurementSiteRecord" id="MDI36.42" version="1.0"></measurementSiteReference>
			<measurementTimeDefault>2022-05-24T08:59:00+02:00</measurementTimeDefault>
			<measuredValue index="7">
				<measuredValue>
					<basicData xsi:type="TrafficStatus">
						<trafficStatus numberOfInputValuesUsed="9">
							<trafficStatusValue>freeFlow</trafficStatusValue>
						</trafficStatus>
					</basicData>
				</measuredValue>
			</measuredValue>
		</siteMeasurements>
		<siteMeasurements>
			<measurementSiteReference targetClass="MeasurementSiteRecord" id="MDI36.F2" version="1.0"></measurementSiteReference>
			<measurementTimeDefault>2022-05-24T08:59:00+02:00</measurementTimeDefault>
			<measuredValue index="7">
				<measuredValue>
					<basicData xsi:type="TrafficStatus">
						<trafficStatus numberOfInputValuesUsed="9">
							<trafficStatusValue>freeFlow</trafficStatusValue>
						</trafficStatus>
					</basicData>
				</measuredValue>
			</measuredValue>
		</siteMeasurements>
		<siteMeasurements>
			<measurementSiteReference targetClass="MeasurementSiteRecord" id="MDI36.G2" version="1.0"></measurementSiteReference>
			<measurementTimeDefault>2022-05-24T08:59:00+02:00</measurementTimeDefault>
			<measuredValue index="7">
				<measuredValue>
					<basicData xsi:type="TrafficStatus">
						<trafficStatus numberOfInputValuesUsed="10">
							<trafficStatusValue>freeFlow</trafficStatusValue>
						</trafficStatus>
					</basicData>
				</measuredValue>
			</measuredValue>
		</siteMeasurements>
		<siteMeasurements>
			<measurementSiteReference targetClass="MeasurementSiteRecord" id="MDI36.H2" version="1.0"></measurementSiteReference>
			<measurementTimeDefault>2022-05-24T08:59:00+02:00</measurementTimeDefault>
			<measuredValue index="7">
				<measuredValue>
					<basicData xsi:type="TrafficStatus">
						<trafficStatus numberOfInputValuesUsed="4">
							<trafficStatusValue>freeFlow</trafficStatusValue>
						</trafficStatus>
					</basicData>
				</measuredValue>
			</measuredValue>
		</siteMeasurements>
		<siteMeasurements>
			<measurementSiteReference targetClass="MeasurementSiteRecord" id="MDI36.12" version="1.0"></measurementSiteReference>
			<measurementTimeDefault>2022-05-24T08:59:00+02:00</measurementTimeDefault>
			<measuredValue index="7">
				<measuredValue>
					<basicData xsi:type="TrafficStatus">
						<trafficStatus numberOfInputValuesUsed="10">
							<trafficStatusValue>freeFlow</trafficStatusValue>
						</trafficStatus>
					</basicData>
				</measuredValue>
			</measuredValue>
		</siteMeasurements>
		<siteMeasurements>
			<measurementSiteReference targetClass="MeasurementSiteRecord" id="MDI36.I2" version="1.0"></measurementSiteReference>
			<measurementTimeDefault>2022-05-24T08:59:00+02:00</measurementTimeDefault>
			<measuredValue index="7">
				<measuredValue>
					<basicData xsi:type="TrafficStatus">
						<trafficStatus numberOfInputValuesUsed="6">
							<trafficStatusValue>freeFlow</trafficStatusValue>
						</trafficStatus>
					</basicData>
				</measuredValue>
			</measuredValue>
		</siteMeasurements>
		<siteMeasurements>
			<measurementSiteReference targetClass="MeasurementSiteRecord" id="MBR23.L2" version="1.0"></measurementSiteReference>
			<measurementTimeDefault>2022-05-24T08:59:00+02:00</measurementTimeDefault>
			<measuredValue index="7">
				<measuredValue>
					<basicData xsi:type="TrafficStatus">
						<trafficStatus numberOfInputValuesUsed="5">
							<trafficStatusValue>freeFlow</trafficStatusValue>
						</trafficStatus>
					</basicData>
				</measuredValue>
			</measuredValue>
		</siteMeasurements>
		<siteMeasurements>
			<measurementSiteReference targetClass="MeasurementSiteRecord" id="MBw87.52" version="1.0"></measurementSiteReference>
			<measurementTimeDefault>2022-05-24T08:59:00+02:00</measurementTimeDefault>
			<measuredValue index="0">
				<measuredValue>
					<basicData xsi:type="TrafficStatus">
						<trafficStatus numberOfInputValuesUsed="18">
							<trafficStatusValue>freeFlow</trafficStatusValue>
						</trafficStatus>
					</basicData>
				</measuredValue>
			</measuredValue>
		</siteMeasurements>
		<siteMeasurements>
			<measurementSiteReference targetClass="MeasurementSiteRecord" id="MDi36.62" version="1.0"></measurementSiteReference>
			<measurementTimeDefault>2022-05-24T08:59:00+02:00</measurementTimeDefault>
			<measuredValue index="7">
				<measuredValue>
					<basicData xsi:type="TrafficStatus">
						<trafficStatus numberOfInputValuesUsed="4">
							<trafficStatusValue>freeFlow</trafficStatusValue>
						</trafficStatus>
					</basicData>
				</measuredValue>
			</measuredValue>
		</siteMeasurements>
		<siteMeasurements>
			<measurementSiteReference targetClass="MeasurementSiteRecord" id="MBW87.M1" version="1.0"></measurementSiteReference>
			<measurementTimeDefault>2022-05-24T08:59:00+02:00</measurementTimeDefault>
			<measuredValue index="7">
				<measuredValue>
					<basicData xsi:type="TrafficStatus">
						<trafficStatus numberOfInputValuesUsed="0">
							<trafficStatusValue>freeFlow</trafficStatusValue>
						</trafficStatus>
					</basicData>
				</measuredValue>
			</measuredValue>
		</siteMeasurements>
		<siteMeasurements>
			<measurementSiteReference targetClass="MeasurementSiteRecord" id="MBW87.N1" version="1.0"></measurementSiteReference>
			<measurementTimeDefault>2022-05-24T08:59:00+02:00</measurementTimeDefault>
			<measuredValue index="7">
				<measuredValue>
					<basicData xsi:type="TrafficStatus">
						<trafficStatus numberOfInputValuesUsed="12">
							<trafficStatusValue>freeFlow</trafficStatusValue>
						</trafficStatus>
					</basicData>
				</measuredValue>
			</measuredValue>
		</siteMeasurements>
		<siteMeasurements>
			<measurementSiteReference targetClass="MeasurementSiteRecord" id="MBW87.61" version="1.0"></measurementSiteReference>
			<measurementTimeDefault>2022-05-24T08:59:00+02:00</measurementTimeDefault>
			<measuredValue index="7">
				<measuredValue>
					<basicData xsi:type="TrafficStatus">
						<trafficStatus numberOfInputValuesUsed="15">
							<trafficStatusValue>freeFlow</trafficStatusValue>
						</trafficStatus>
					</basicData>
				</measuredValue>
			</measuredValue>
		</siteMeasurements>
		<siteMeasurements>
			<measurementSiteReference targetClass="MeasurementSiteRecord" id="MBW87.O1" version="1.0"></measurementSiteReference>
			<measurementTimeDefault>2022-05-24T08:59:00+02:00</measurementTimeDefault>
			<measuredValue index="7">
				<measuredValue>
					<basicData xsi:type="TrafficStatus">
						<trafficStatus numberOfInputValuesUsed="21">
							<trafficStatusValue>freeFlow</trafficStatusValue>
						</trafficStatus>
					</basicData>
				</measuredValue>
			</measuredValue>
		</siteMeasurements>
		<siteMeasurements>
			<measurementSiteReference targetClass="MeasurementSiteRecord" id="MBW87.21" version="1.0"></measurementSiteReference>
			<measurementTimeDefault>2022-05-24T08:59:00+02:00</measurementTimeDefault>
			<measuredValue index="7">
				<measuredValue>
					<basicData xsi:type="TrafficStatus">
						<trafficStatus numberOfInputValuesUsed="15">
							<trafficStatusValue>freeFlow</trafficStatusValue>
						</trafficStatus>
					</basicData>
				</measuredValue>
			</measuredValue>
		</siteMeasurements>
		<siteMeasurements>
			<measurementSiteReference targetClass="MeasurementSiteRecord" id="MBW87.91" version="1.0"></measurementSiteReference>
			<measurementTimeDefault>2022-05-24T08:59:00+02:00</measurementTimeDefault>
			<measuredValue index="7">
				<measuredValue>
					<basicData xsi:type="TrafficStatus">
						<trafficStatus numberOfInputValuesUsed="21">
							<trafficStatusValue>freeFlow</trafficStatusValue>
						</trafficStatus>
					</basicData>
				</measuredValue>
			</measuredValue>
		</siteMeasurements>
		<siteMeasurements>
			<measurementSiteReference targetClass="MeasurementSiteRecord" id="MBW87.P1" version="1.0"></measurementSiteReference>
			<measurementTimeDefault>2022-05-24T08:59:00+02:00</measurementTimeDefault>
			<measuredValue index="7">
				<measuredValue>
					<basicData xsi:type="TrafficStatus">
						<trafficStatus numberOfInputValuesUsed="35">
							<trafficStatusValue>freeFlow</trafficStatusValue>
						</trafficStatus>
					</basicData>
				</measuredValue>
			</measuredValue>
		</siteMeasurements>
		<siteMeasurements>
			<measurementSiteReference targetClass="MeasurementSiteRecord" id="MbW87.11" version="1.0"></measurementSiteReference>
			<measurementTimeDefault>2022-05-24T08:59:00+02:00</measurementTimeDefault>
			<measuredValue index="7">
				<measuredValue>
					<basicData xsi:type="TrafficStatus">
						<trafficStatus numberOfInputValuesUsed="48">
							<trafficStatusValue>freeFlow</trafficStatusValue>
						</trafficStatus>
					</basicData>
				</measuredValue>
			</measuredValue>
		</siteMeasurements>
		<siteMeasurements>
			<measurementSiteReference targetClass="MeasurementSiteRecord" id="MbW87.41" version="1.0"></measurementSiteReference>
			<measurementTimeDefault>2022-05-24T08:59:00+02:00</measurementTimeDefault>
			<measuredValue index="7">
				<measuredValue>
					<basicData xsi:type="TrafficStatus">
						<trafficStatus numberOfInputValuesUsed="20">
							<trafficStatusValue>freeFlow</trafficStatusValue>
						</trafficStatus>
					</basicData>
				</measuredValue>
			</measuredValue>
		</siteMeasurements>
		<siteMeasurements>
			<measurementSiteReference targetClass="MeasurementSiteRecord" id="MBW87.Q1" version="1.0"></measurementSiteReference>
			<measurementTimeDefault>2022-05-24T08:59:00+02:00</measurementTimeDefault>
			<measuredValue index="7">
				<measuredValue>
					<basicData xsi:type="TrafficStatus">
						<trafficStatus numberOfInputValuesUsed="18">
							<trafficStatusValue>freeFlow</trafficStatusValue>
						</trafficStatus>
					</basicData>
				</measuredValue>
			</measuredValue>
		</siteMeasurements>
		<siteMeasurements>
			<measurementSiteReference targetClass="MeasurementSiteRecord" id="MBW87.R1" version="1.0"></measurementSiteReference>
			<measurementTimeDefault>2022-05-24T08:59:00+02:00</measurementTimeDefault>
			<measuredValue index="7">
				<measuredValue>
					<basicData xsi:type="TrafficStatus">
						<trafficStatus numberOfInputValuesUsed="14">
							<trafficStatusValue>freeFlow</trafficStatusValue>
						</trafficStatus>
					</basicData>
				</measuredValue>
			</measuredValue>
		</siteMeasurements>
		<siteMeasurements>
			<measurementSiteReference targetClass="MeasurementSiteRecord" id="MBW87.11" version="1.0"></measurementSiteReference>
			<measurementTimeDefault>2022-05-24T08:59:00+02:00</measurementTimeDefault>
			<measuredValue index="7">
				<measuredValue>
					<basicData xsi:type="TrafficStatus">
						<trafficStatus numberOfInputValuesUsed="11">
							<trafficStatusValue>freeFlow</trafficStatusValue>
						</trafficStatus>
					</basicData>
				</measuredValue>
			</measuredValue>
		</siteMeasurements>
		<siteMeasurements>
			<measurementSiteReference targetClass="MeasurementSiteRecord" id="MBW87.S1" version="1.0"></measurementSiteReference>
			<measurementTimeDefault>2022-05-24T08:59:00+02:00</measurementTimeDefault>
			<measuredValue index="7">
				<measuredValue>
					<basicData xsi:type="TrafficStatus">
						<trafficStatus numberOfInputValuesUsed="9">
							<trafficStatusValue>freeFlow</trafficStatusValue>
						</trafficStatus>
					</basicData>
				</measuredValue>
			</measuredValue>
		</siteMeasurements>
		<siteMeasurements>
			<measurementSiteReference targetClass="MeasurementSiteRecord" id="MBW87.T1" version="1.0"></measurementSiteReference>
			<measurementTimeDefault>2022-05-24T08:59:00+02:00</measurementTimeDefault>
			<measuredValue index="7">
				<measuredValue>
					<basicData xsi:type="TrafficStatus">
						<trafficStatus numberOfInputValuesUsed="10">
							<trafficStatusValue>freeFlow</trafficStatusValue>
						</trafficStatus>
					</basicData>
				</measuredValue>
			</measuredValue>
		</siteMeasurements>
		<siteMeasurements>
			<measurementSiteReference targetClass="MeasurementSiteRecord" id="MBZ19.91" version="1.0"></measurementSiteReference>
			<measurementTimeDefault>2022-05-24T08:59:00+02:00</measurementTimeDefault>
			<measuredValue index="7">
				<measuredValue>
					<basicData xsi:type="TrafficStatus">
						<trafficStatus numberOfInputValuesUsed="1">
							<trafficStatusValue>freeFlow</trafficStatusValue>
						</trafficStatus>
					</basicData>
				</measuredValue>
			</measuredValue>
		</siteMeasurements>
		<siteMeasurements>
			<measurementSiteReference targetClass="MeasurementSiteRecord" id="MBZ19.A1" version="1.0"></measurementSiteReference>
			<measurementTimeDefault>2022-05-24T08:59:00+02:00</measurementTimeDefault>
			<measuredValue index="7">
				<measuredValue>
					<basicData xsi:type="TrafficStatus">
						<trafficStatus numberOfInputValuesUsed="7">
							<trafficStatusValue>freeFlow</trafficStatusValue>
						</trafficStatus>
					</basicData>
				</measuredValue>
			</measuredValue>
		</siteMeasurements>
		<siteMeasurements>
			<measurementSiteReference targetClass="MeasurementSiteRecord" id="MBZ19.B1" version="1.0"></measurementSiteReference>
			<measurementTimeDefault>2022-05-24T08:59:00+02:00</measurementTimeDefault>
			<measuredValue index="7">
				<measuredValue>
					<basicData xsi:type="TrafficStatus">
						<trafficStatus numberOfInputValuesUsed="13">
							<trafficStatusValue>freeFlow</trafficStatusValue>
						</trafficStatus>
					</basicData>
				</measuredValue>
			</measuredValue>
		</siteMeasurements>
		<siteMeasurements>
			<measurementSiteReference targetClass="MeasurementSiteRecord" id="MBZ19.C1" version="1.0"></measurementSiteReference>
			<measurementTimeDefault>2022-05-24T08:59:00+02:00</measurementTimeDefault>
			<measuredValue index="7">
				<measuredValue>
					<basicData xsi:type="TrafficStatus">
						<trafficStatus numberOfInputValuesUsed="18">
							<trafficStatusValue>freeFlow</trafficStatusValue>
						</trafficStatus>
					</basicData>
				</measuredValue>
			</measuredValue>
		</siteMeasurements>
		<siteMeasurements>
			<measurementSiteReference targetClass="MeasurementSiteRecord" id="MBZ19.11" version="1.0"></measurementSiteReference>
			<measurementTimeDefault>2022-05-24T08:59:00+02:00</measurementTimeDefault>
			<measuredValue index="7">
				<measuredValue>
					<basicData xsi:type="TrafficStatus">
						<trafficStatus numberOfInputValuesUsed="21">
							<trafficStatusValue>freeFlow</trafficStatusValue>
						</trafficStatus>
					</basicData>
				</measuredValue>
			</measuredValue>
		</siteMeasurements>
		<siteMeasurements>
			<measurementSiteReference targetClass="MeasurementSiteRecord" id="MBZ19.21" version="1.0"></measurementSiteReference>
			<measurementTimeDefault>2022-05-24T08:59:00+02:00</measurementTimeDefault>
			<measuredValue index="7">
				<measuredValue>
					<basicData xsi:type="TrafficStatus">
						<trafficStatus numberOfInputValuesUsed="10">
							<trafficStatusValue>freeFlow</trafficStatusValue>
						</trafficStatus>
					</basicData>
				</measuredValue>
			</measuredValue>
		</siteMeasurements>
		<siteMeasurements>
			<measurementSiteReference targetClass="MeasurementSiteRecord" id="MBZ19.81" version="1.0"></measurementSiteReference>
			<measurementTimeDefault>2022-05-24T08:59:00+02:00</measurementTimeDefault>
			<measuredValue index="7">
				<measuredValue>
					<basicData xsi:type="TrafficStatus">
						<trafficStatus numberOfInputValuesUsed="12">
							<trafficStatusValue>freeFlow</trafficStatusValue>
						</trafficStatus>
					</basicData>
				</measuredValue>
			</measuredValue>
		</siteMeasurements>
		<siteMeasurements>
			<measurementSiteReference targetClass="MeasurementSiteRecord" id="MBZ19.71" version="1.0"></measurementSiteReference>
			<measurementTimeDefault>2022-05-24T08:59:00+02:00</measurementTimeDefault>
			<measuredValue index="7">
				<measuredValue>
					<basicData xsi:type="TrafficStatus">
						<trafficStatus numberOfInputValuesUsed="18">
							<trafficStatusValue>freeFlow</trafficStatusValue>
						</trafficStatus>
					</basicData>
				</measuredValue>
			</measuredValue>
		</siteMeasurements>
		<siteMeasurements>
			<measurementSiteReference targetClass="MeasurementSiteRecord" id="MBW87.31" version="1.0"></measurementSiteReference>
			<measurementTimeDefault>2022-05-24T08:59:00+02:00</measurementTimeDefault>
			<measuredValue index="7">
				<measuredValue>
					<basicData xsi:type="TrafficStatus">
						<trafficStatus numberOfInputValuesUsed="31">
							<trafficStatusValue>freeFlow</trafficStatusValue>
						</trafficStatus>
					</basicData>
				</measuredValue>
			</measuredValue>
		</siteMeasurements>
		<siteMeasurements>
			<measurementSiteReference targetClass="MeasurementSiteRecord" id="MBW87.81" version="1.0"></measurementSiteReference>
			<measurementTimeDefault>2022-05-24T08:59:00+02:00</measurementTimeDefault>
			<measuredValue index="7">
				<measuredValue>
					<basicData xsi:type="TrafficStatus">
						<trafficStatus numberOfInputValuesUsed="42">
							<trafficStatusValue>freeFlow</trafficStatusValue>
						</trafficStatus>
					</basicData>
				</measuredValue>
			</measuredValue>
		</siteMeasurements>
		<siteMeasurements>
			<measurementSiteReference targetClass="MeasurementSiteRecord" id="MbW87.31" version="1.0"></measurementSiteReference>
			<measurementTimeDefault>2022-05-24T08:59:00+02:00</measurementTimeDefault>
			<measuredValue index="7">
				<measuredValue>
					<basicData xsi:type="TrafficStatus">
						<trafficStatus numberOfInputValuesUsed="21">
							<trafficStatusValue>freeFlow</trafficStatusValue>
						</trafficStatus>
					</basicData>
				</measuredValue>
			</measuredValue>
		</siteMeasurements>
		<siteMeasurements>
			<measurementSiteReference targetClass="MeasurementSiteRecord" id="MBW87.71" version="1.0"></measurementSiteReference>
			<measurementTimeDefault>2022-05-24T08:59:00+02:00</measurementTimeDefault>
			<measuredValue index="7">
				<measuredValue>
					<basicData xsi:type="TrafficStatus">
						<trafficStatus numberOfInputValuesUsed="30">
							<trafficStatusValue>freeFlow</trafficStatusValue>
						</trafficStatus>
					</basicData>
				</measuredValue>
			</measuredValue>
		</siteMeasurements>
		<siteMeasurements>
			<measurementSiteReference targetClass="MeasurementSiteRecord" id="MbW87.51" version="1.0"></measurementSiteReference>
			<measurementTimeDefault>2022-05-24T08:59:00+02:00</measurementTimeDefault>
			<measuredValue index="7">
				<measuredValue>
					<basicData xsi:type="TrafficStatus">
						<trafficStatus numberOfInputValuesUsed="19">
							<trafficStatusValue>freeFlow</trafficStatusValue>
						</trafficStatus>
					</basicData>
				</measuredValue>
			</measuredValue>
		</siteMeasurements>
		<siteMeasurements>
			<measurementSiteReference targetClass="MeasurementSiteRecord" id="MbW87.21" version="1.0"></measurementSiteReference>
			<measurementTimeDefault>2022-05-24T08:59:00+02:00</measurementTimeDefault>
			<measuredValue index="7">
				<measuredValue>
					<basicData xsi:type="TrafficStatus">
						<trafficStatus numberOfInputValuesUsed="35">
							<trafficStatusValue>freeFlow</trafficStatusValue>
						</trafficStatus>
					</basicData>
				</measuredValue>
			</measuredValue>
		</siteMeasurements>
		<siteMeasurements>
			<measurementSiteReference targetClass="MeasurementSiteRecord" id="MBZ19.51" version="1.0"></measurementSiteReference>
			<measurementTimeDefault>2022-05-24T08:59:00+02:00</measurementTimeDefault>
			<measuredValue index="7">
				<measuredValue>
					<basicData xsi:type="TrafficStatus">
						<trafficStatus numberOfInputValuesUsed="11">
							<trafficStatusValue>freeFlow</trafficStatusValue>
						</trafficStatus>
					</basicData>
				</measuredValue>
			</measuredValue>
		</siteMeasurements>
		<siteMeasurements>
			<measurementSiteReference targetClass="MeasurementSiteRecord" id="MBW87.M2" version="1.0"></measurementSiteReference>
			<measurementTimeDefault>2022-05-24T08:59:00+02:00</measurementTimeDefault>
			<measuredValue index="7">
				<measuredValue>
					<basicData xsi:type="TrafficStatus">
						<trafficStatus numberOfInputValuesUsed="0">
							<trafficStatusValue>freeFlow</trafficStatusValue>
						</trafficStatus>
					</basicData>
				</measuredValue>
			</measuredValue>
		</siteMeasurements>
		<siteMeasurements>
			<measurementSiteReference targetClass="MeasurementSiteRecord" id="MBW87.N2" version="1.0"></measurementSiteReference>
			<measurementTimeDefault>2022-05-24T08:59:00+02:00</measurementTimeDefault>
			<measuredValue index="7">
				<measuredValue>
					<basicData xsi:type="TrafficStatus">
						<trafficStatus numberOfInputValuesUsed="7">
							<trafficStatusValue>freeFlow</trafficStatusValue>
						</trafficStatus>
					</basicData>
				</measuredValue>
			</measuredValue>
		</siteMeasurements>
		<siteMeasurements>
			<measurementSiteReference targetClass="MeasurementSiteRecord" id="MBW87.62" version="1.0"></measurementSiteReference>
			<measurementTimeDefault>2022-05-24T08:59:00+02:00</measurementTimeDefault>
			<measuredValue index="7">
				<measuredValue>
					<basicData xsi:type="TrafficStatus">
						<trafficStatus numberOfInputValuesUsed="10">
							<trafficStatusValue>freeFlow</trafficStatusValue>
						</trafficStatus>
					</basicData>
				</measuredValue>
			</measuredValue>
		</siteMeasurements>
		<siteMeasurements>
			<measurementSiteReference targetClass="MeasurementSiteRecord" id="MBW87.O2" version="1.0"></measurementSiteReference>
			<measurementTimeDefault>2022-05-24T08:59:00+02:00</measurementTimeDefault>
			<measuredValue index="7">
				<measuredValue>
					<basicData xsi:type="TrafficStatus">
						<trafficStatus numberOfInputValuesUsed="8">
							<trafficStatusValue>freeFlow</trafficStatusValue>
						</trafficStatus>
					</basicData>
				</measuredValue>
			</measuredValue>
		</siteMeasurements>
		<siteMeasurements>
			<measurementSiteReference targetClass="MeasurementSiteRecord" id="MBW87.32" version="1.0"></measurementSiteReference>
			<measurementTimeDefault>2022-05-24T08:59:00+02:00</measurementTimeDefault>
			<measuredValue index="7">
				<measuredValue>
					<basicData xsi:type="TrafficStatus">
						<trafficStatus numberOfInputValuesUsed="15">
							<trafficStatusValue>freeFlow</trafficStatusValue>
						</trafficStatus>
					</basicData>
				</measuredValue>
			</measuredValue>
		</siteMeasurements>
		<siteMeasurements>
			<measurementSiteReference targetClass="MeasurementSiteRecord" id="MBW87.92" version="1.0"></measurementSiteReference>
			<measurementTimeDefault>2022-05-24T08:59:00+02:00</measurementTimeDefault>
			<measuredValue index="7">
				<measuredValue>
					<basicData xsi:type="TrafficStatus">
						<trafficStatus numberOfInputValuesUsed="30">
							<trafficStatusValue>freeFlow</trafficStatusValue>
						</trafficStatus>
					</basicData>
				</measuredValue>
			</measuredValue>
		</siteMeasurements>
		<siteMeasurements>
			<measurementSiteReference targetClass="MeasurementSiteRecord" id="MBW87.P2" version="1.0"></measurementSiteReference>
			<measurementTimeDefault>2022-05-24T08:59:00+02:00</measurementTimeDefault>
			<measuredValue index="7">
				<measuredValue>
					<basicData xsi:type="TrafficStatus">
						<trafficStatus numberOfInputValuesUsed="47">
							<trafficStatusValue>freeFlow</trafficStatusValue>
						</trafficStatus>
					</basicData>
				</measuredValue>
			</measuredValue>
		</siteMeasurements>
		<siteMeasurements>
			<measurementSiteReference targetClass="MeasurementSiteRecord" id="MBW87.Q2" version="1.0"></measurementSiteReference>
			<measurementTimeDefault>2022-05-24T08:59:00+02:00</measurementTimeDefault>
			<measuredValue index="7">
				<measuredValue>
					<basicData xsi:type="TrafficStatus">
						<trafficStatus numberOfInputValuesUsed="15">
							<trafficStatusValue>freeFlow</trafficStatusValue>
						</trafficStatus>
					</basicData>
				</measuredValue>
			</measuredValue>
		</siteMeasurements>
		<siteMeasurements>
			<measurementSiteReference targetClass="MeasurementSiteRecord" id="MbW87.42" version="1.0"></measurementSiteReference>
			<measurementTimeDefault>2022-05-24T08:59:00+02:00</measurementTimeDefault>
			<measuredValue index="7">
				<measuredValue>
					<basicData xsi:type="TrafficStatus">
						<trafficStatus numberOfInputValuesUsed="21">
							<trafficStatusValue>freeFlow</trafficStatusValue>
						</trafficStatus>
					</basicData>
				</measuredValue>
			</measuredValue>
		</siteMeasurements>
		<siteMeasurements>
			<measurementSiteReference targetClass="MeasurementSiteRecord" id="MBW87.R2" version="1.0"></measurementSiteReference>
			<measurementTimeDefault>2022-05-24T08:59:00+02:00</measurementTimeDefault>
			<measuredValue index="7">
				<measuredValue>
					<basicData xsi:type="TrafficStatus">
						<trafficStatus numberOfInputValuesUsed="12">
							<trafficStatusValue>freeFlow</trafficStatusValue>
						</trafficStatus>
					</basicData>
				</measuredValue>
			</measuredValue>
		</siteMeasurements>
		<siteMeasurements>
			<measurementSiteReference targetClass="MeasurementSiteRecord" id="MbW87.62" version="1.0"></measurementSiteReference>
			<measurementTimeDefault>2022-05-24T08:59:00+02:00</measurementTimeDefault>
			<measuredValue index="7">
				<measuredValue>
					<basicData xsi:type="TrafficStatus">
						<trafficStatus numberOfInputValuesUsed="13">
							<trafficStatusValue>freeFlow</trafficStatusValue>
						</trafficStatus>
					</basicData>
				</measuredValue>
			</measuredValue>
		</siteMeasurements>
		<siteMeasurements>
			<measurementSiteReference targetClass="MeasurementSiteRecord" id="MBW87.S2" version="1.0"></measurementSiteReference>
			<measurementTimeDefault>2022-05-24T08:59:00+02:00</measurementTimeDefault>
			<measuredValue index="7">
				<measuredValue>
					<basicData xsi:type="TrafficStatus">
						<trafficStatus numberOfInputValuesUsed="12">
							<trafficStatusValue>freeFlow</trafficStatusValue>
						</trafficStatus>
					</basicData>
				</measuredValue>
			</measuredValue>
		</siteMeasurements>
		<siteMeasurements>
			<measurementSiteReference targetClass="MeasurementSiteRecord" id="MBW87.T2" version="1.0"></measurementSiteReference>
			<measurementTimeDefault>2022-05-24T08:59:00+02:00</measurementTimeDefault>
			<measuredValue index="7">
				<measuredValue>
					<basicData xsi:type="TrafficStatus">
						<trafficStatus numberOfInputValuesUsed="14">
							<trafficStatusValue>freeFlow</trafficStatusValue>
						</trafficStatus>
					</basicData>
				</measuredValue>
			</measuredValue>
		</siteMeasurements>
		<siteMeasurements>
			<measurementSiteReference targetClass="MeasurementSiteRecord" id="MBZ19.92" version="1.0"></measurementSiteReference>
			<measurementTimeDefault>2022-05-24T08:59:00+02:00</measurementTimeDefault>
			<measuredValue index="7">
				<measuredValue>
					<basicData xsi:type="TrafficStatus">
						<trafficStatus numberOfInputValuesUsed="11">
							<trafficStatusValue>freeFlow</trafficStatusValue>
						</trafficStatus>
					</basicData>
				</measuredValue>
			</measuredValue>
		</siteMeasurements>
		<siteMeasurements>
			<measurementSiteReference targetClass="MeasurementSiteRecord" id="MBZ19.A2" version="1.0"></measurementSiteReference>
			<measurementTimeDefault>2022-05-24T08:59:00+02:00</measurementTimeDefault>
			<measuredValue index="7">
				<measuredValue>
					<basicData xsi:type="TrafficStatus">
						<trafficStatus numberOfInputValuesUsed="8">
							<trafficStatusValue>freeFlow</trafficStatusValue>
						</trafficStatus>
					</basicData>
				</measuredValue>
			</measuredValue>
		</siteMeasurements>
		<siteMeasurements>
			<measurementSiteReference targetClass="MeasurementSiteRecord" id="MBZ19.B2" version="1.0"></measurementSiteReference>
			<measurementTimeDefault>2022-05-24T08:59:00+02:00</measurementTimeDefault>
			<measuredValue index="7">
				<measuredValue>
					<basicData xsi:type="TrafficStatus">
						<trafficStatus numberOfInputValuesUsed="23">
							<trafficStatusValue>freeFlow</trafficStatusValue>
						</trafficStatus>
					</basicData>
				</measuredValue>
			</measuredValue>
		</siteMeasurements>
		<siteMeasurements>
			<measurementSiteReference targetClass="MeasurementSiteRecord" id="MBZ19.C2" version="1.0"></measurementSiteReference>
			<measurementTimeDefault>2022-05-24T08:59:00+02:00</measurementTimeDefault>
			<measuredValue index="7">
				<measuredValue>
					<basicData xsi:type="TrafficStatus">
						<trafficStatus numberOfInputValuesUsed="20">
							<trafficStatusValue>freeFlow</trafficStatusValue>
						</trafficStatus>
					</basicData>
				</measuredValue>
			</measuredValue>
		</siteMeasurements>
		<siteMeasurements>
			<measurementSiteReference targetClass="MeasurementSiteRecord" id="MBZ19.12" version="1.0"></measurementSiteReference>
			<measurementTimeDefault>2022-05-24T08:59:00+02:00</measurementTimeDefault>
			<measuredValue index="7">
				<measuredValue>
					<basicData xsi:type="TrafficStatus">
						<trafficStatus numberOfInputValuesUsed="11">
							<trafficStatusValue>freeFlow</trafficStatusValue>
						</trafficStatus>
					</basicData>
				</measuredValue>
			</measuredValue>
		</siteMeasurements>
		<siteMeasurements>
			<measurementSiteReference targetClass="MeasurementSiteRecord" id="MBZ19.22" version="1.0"></measurementSiteReference>
			<measurementTimeDefault>2022-05-24T08:59:00+02:00</measurementTimeDefault>
			<measuredValue index="7">
				<measuredValue>
					<basicData xsi:type="TrafficStatus">
						<trafficStatus numberOfInputValuesUsed="11">
							<trafficStatusValue>freeFlow</trafficStatusValue>
						</trafficStatus>
					</basicData>
				</measuredValue>
			</measuredValue>
		</siteMeasurements>
		<siteMeasurements>
			<measurementSiteReference targetClass="MeasurementSiteRecord" id="MBZ19.82" version="1.0"></measurementSiteReference>
			<measurementTimeDefault>2022-05-24T08:59:00+02:00</measurementTimeDefault>
			<measuredValue index="7">
				<measuredValue>
					<basicData xsi:type="TrafficStatus">
						<trafficStatus numberOfInputValuesUsed="8">
							<trafficStatusValue>freeFlow</trafficStatusValue>
						</trafficStatus>
					</basicData>
				</measuredValue>
			</measuredValue>
		</siteMeasurements>
		<siteMeasurements>
			<measurementSiteReference targetClass="MeasurementSiteRecord" id="MBw87.72" version="1.0"></measurementSiteReference>
			<measurementTimeDefault>2022-05-24T08:59:00+02:00</measurementTimeDefault>
			<measuredValue index="7">
				<measuredValue>
					<basicData xsi:type="TrafficStatus">
						<trafficStatus numberOfInputValuesUsed="34">
							<trafficStatusValue>freeFlow</trafficStatusValue>
						</trafficStatus>
					</basicData>
				</measuredValue>
			</measuredValue>
		</siteMeasurements>
		<siteMeasurements>
			<measurementSiteReference targetClass="MeasurementSiteRecord" id="MBW87.12" version="1.0"></measurementSiteReference>
			<measurementTimeDefault>2022-05-24T08:59:00+02:00</measurementTimeDefault>
			<measuredValue index="7">
				<measuredValue>
					<basicData xsi:type="TrafficStatus">
						<trafficStatus numberOfInputValuesUsed="15">
							<trafficStatusValue>freeFlow</trafficStatusValue>
						</trafficStatus>
					</basicData>
				</measuredValue>
			</measuredValue>
		</siteMeasurements>
		<siteMeasurements>
			<measurementSiteReference targetClass="MeasurementSiteRecord" id="Mbw87.31" version="1.0"></measurementSiteReference>
			<measurementTimeDefault>2022-05-24T08:59:00+02:00</measurementTimeDefault>
			<measuredValue index="7">
				<measuredValue>
					<basicData xsi:type="TrafficStatus">
						<trafficStatus numberOfInputValuesUsed="23">
							<trafficStatusValue>freeFlow</trafficStatusValue>
						</trafficStatus>
					</basicData>
				</measuredValue>
			</measuredValue>
		</siteMeasurements>
		<siteMeasurements>
			<measurementSiteReference targetClass="MeasurementSiteRecord" id="MbW87.52" version="1.0"></measurementSiteReference>
			<measurementTimeDefault>2022-05-24T08:59:00+02:00</measurementTimeDefault>
			<measuredValue index="7">
				<measuredValue>
					<basicData xsi:type="TrafficStatus">
						<trafficStatus numberOfInputValuesUsed="28">
							<trafficStatusValue>freeFlow</trafficStatusValue>
						</trafficStatus>
					</basicData>
				</measuredValue>
			</measuredValue>
		</siteMeasurements>
		<siteMeasurements>
			<measurementSiteReference targetClass="MeasurementSiteRecord" id="MBW87.22" version="1.0"></measurementSiteReference>
			<measurementTimeDefault>2022-05-24T08:59:00+02:00</measurementTimeDefault>
			<measuredValue index="7">
				<measuredValue>
					<basicData xsi:type="TrafficStatus">
						<trafficStatus numberOfInputValuesUsed="11">
							<trafficStatusValue>freeFlow</trafficStatusValue>
						</trafficStatus>
					</basicData>
				</measuredValue>
			</measuredValue>
		</siteMeasurements>
		<siteMeasurements>
			<measurementSiteReference targetClass="MeasurementSiteRecord" id="MbW87.12" version="1.0"></measurementSiteReference>
			<measurementTimeDefault>2022-05-24T08:59:00+02:00</measurementTimeDefault>
			<measuredValue index="7">
				<measuredValue>
					<basicData xsi:type="TrafficStatus">
						<trafficStatus numberOfInputValuesUsed="50">
							<trafficStatusValue>freeFlow</trafficStatusValue>
						</trafficStatus>
					</basicData>
				</measuredValue>
			</measuredValue>
		</siteMeasurements>
		<siteMeasurements>
			<measurementSiteReference targetClass="MeasurementSiteRecord" id="MBZ19.62" version="1.0"></measurementSiteReference>
			<measurementTimeDefault>2022-05-24T08:59:00+02:00</measurementTimeDefault>
			<measuredValue index="7">
				<measuredValue>
					<basicData xsi:type="TrafficStatus">
						<trafficStatus numberOfInputValuesUsed="18">
							<trafficStatusValue>freeFlow</trafficStatusValue>
						</trafficStatus>
					</basicData>
				</measuredValue>
			</measuredValue>
		</siteMeasurements>
		<siteMeasurements>
			<measurementSiteReference targetClass="MeasurementSiteRecord" id="MBW87.82" version="1.0"></measurementSiteReference>
			<measurementTimeDefault>2022-05-24T08:59:00+02:00</measurementTimeDefault>
			<measuredValue index="7">
				<measuredValue>
					<basicData xsi:type="TrafficStatus">
						<trafficStatus numberOfInputValuesUsed="34">
							<trafficStatusValue>freeFlow</trafficStatusValue>
						</trafficStatus>
					</basicData>
				</measuredValue>
			</measuredValue>
		</siteMeasurements>
		<siteMeasurements>
			<measurementSiteReference targetClass="MeasurementSiteRecord" id="Mbw87.22" version="1.0"></measurementSiteReference>
			<measurementTimeDefault>2022-05-24T08:59:00+02:00</measurementTimeDefault>
			<measuredValue index="7">
				<measuredValue>
					<basicData xsi:type="TrafficStatus">
						<trafficStatus numberOfInputValuesUsed="31">
							<trafficStatusValue>freeFlow</trafficStatusValue>
						</trafficStatus>
					</basicData>
				</measuredValue>
			</measuredValue>
		</siteMeasurements>
		<siteMeasurements>
			<measurementSiteReference targetClass="MeasurementSiteRecord" id="MBz19.72" version="1.0"></measurementSiteReference>
			<measurementTimeDefault>2022-05-24T08:59:00+02:00</measurementTimeDefault>
			<measuredValue index="7">
				<measuredValue>
					<basicData xsi:type="TrafficStatus">
						<trafficStatus numberOfInputValuesUsed="3">
							<trafficStatusValue>freeFlow</trafficStatusValue>
						</trafficStatus>
					</basicData>
				</measuredValue>
			</measuredValue>
		</siteMeasurements>
	</payloadPublication>
</d2LogicalModel>