<?xml version="1.0" encoding="utf-8"?>
<d2LogicalModel extensionName="TipiExtension" extensionVersion="0.3.FR.0.1" modelBaseVersion="2" xmlns="http://datex2.eu/schema/2/2_0" xmlns:xsi="http://www.w3.org/2001/XMLSchema-instance">
	<exchange>
		<clientIdentification>TIPI</clientIdentification>
		<supplierIdentification>
			<country>fr</country>
			<nationalIdentifier>TraficHyrondelle</nationalIdentifier>
		</supplierIdentification>
	</exchange>
	<payloadPublication xsi:type="MeasuredDataPublication" lang="fr">
		<publicationTime>2022-01-05T17:12:40</publicationTime>
		<publicationCreator>
			<country>fr</country>
			<nationalIdentifier>TraficHyrondelle</nationalIdentifier>
		</publicationCreator>
		<measurementSiteTableReference targetClass="MeasurementSiteTable" id="TraficHyrondelle" version="1"></measurementSiteTableReference>
		<headerInformation>
			<confidentiality>noRestriction</confidentiality>
			<informationStatus>real</informationStatus>
		</headerInformation>
		<siteMeasurements>
			<measurementSiteReference targetClass="MeasurementSiteRecord" id="MYL42.D1" version="1.0"></measurementSiteReference>
			<measurementTimeDefault>2022-01-05T17:12:00+01:00</measurementTimeDefault>
			<measuredValue index="7">
				<measuredValue>
					<basicData xsi:type="TrafficStatus">
						<trafficStatus numberOfInputValuesUsed="0">
							<trafficStatusValue>freeFlow</trafficStatusValue>
						</trafficStatus>
					</basicData>
				</measuredValue>
			</measuredValue>
		</siteMeasurements>
		<siteMeasurements>
			<measurementSiteReference targetClass="MeasurementSiteRecord" id="MYL42.N1" version="1.0"></measurementSiteReference>
			<measurementTimeDefault>2022-01-05T17:12:00+01:00</measurementTimeDefault>
			<measuredValue index="7">
				<measuredValue>
					<basicData xsi:type="TrafficStatus">
						<trafficStatus numberOfInputValuesUsed="0">
							<trafficStatusValue>freeFlow</trafficStatusValue>
						</trafficStatus>
					</basicData>
				</measuredValue>
			</measuredValue>
		</siteMeasurements>
		<siteMeasurements>
			<measurementSiteReference targetClass="MeasurementSiteRecord" id="MYL42.U1" version="1.0"></measurementSiteReference>
			<measurementTimeDefault>2022-01-05T17:12:00+01:00</measurementTimeDefault>
			<measuredValue index="7">
				<measuredValue>
					<basicData xsi:type="TrafficStatus">
						<trafficStatus numberOfInputValuesUsed="0">
							<trafficStatusValue>freeFlow</trafficStatusValue>
						</trafficStatus>
					</basicData>
				</measuredValue>
			</measuredValue>
		</siteMeasurements>
		<siteMeasurements>
			<measurementSiteReference targetClass="MeasurementSiteRecord" id="MYL42.L7" version="1.0"></measurementSiteReference>
			<measurementTimeDefault>2022-01-05T17:12:00+01:00</measurementTimeDefault>
			<measuredValue index="7">
				<measuredValue>
					<basicData xsi:type="TrafficStatus">
						<trafficStatus numberOfInputValuesUsed="0">
							<trafficStatusValue>freeFlow</trafficStatusValue>
						</trafficStatus>
					</basicData>
				</measuredValue>
			</measuredValue>
		</siteMeasurements>
		<siteMeasurements>
			<measurementSiteReference targetClass="MeasurementSiteRecord" id="MYL42.J1" version="1.0"></measurementSiteReference>
			<measurementTimeDefault>2022-01-05T17:12:00+01:00</measurementTimeDefault>
			<measuredValue index="7">
				<measuredValue>
					<basicData xsi:type="TrafficStatus">
						<trafficStatus numberOfInputValuesUsed="0">
							<trafficStatusValue>unknown</trafficStatusValue>
						</trafficStatus>
					</basicData>
				</measuredValue>
			</measuredValue>
		</siteMeasurements>
		<siteMeasurements>
			<measurementSiteReference targetClass="MeasurementSiteRecord" id="MYL42.L5" version="1.0"></measurementSiteReference>
			<measurementTimeDefault>2022-01-05T17:12:00+01:00</measurementTimeDefault>
			<measuredValue index="7">
				<measuredValue>
					<basicData xsi:type="TrafficStatus">
						<trafficStatus numberOfInputValuesUsed="0">
							<trafficStatusValue>freeFlow</trafficStatusValue>
						</trafficStatus>
					</basicData>
				</measuredValue>
			</measuredValue>
		</siteMeasurements>
		<siteMeasurements>
			<measurementSiteReference targetClass="MeasurementSiteRecord" id="MYL42.95" version="1.0"></measurementSiteReference>
			<measurementTimeDefault>2022-01-05T17:12:00+01:00</measurementTimeDefault>
			<measuredValue index="7">
				<measuredValue>
					<basicData xsi:type="TrafficStatus">
						<trafficStatus numberOfInputValuesUsed="0">
							<trafficStatusValue>freeFlow</trafficStatusValue>
						</trafficStatus>
					</basicData>
				</measuredValue>
			</measuredValue>
		</siteMeasurements>
		<siteMeasurements>
			<measurementSiteReference targetClass="MeasurementSiteRecord" id="MYL42.e1" version="1.0"></measurementSiteReference>
			<measurementTimeDefault>2022-01-05T17:12:00+01:00</measurementTimeDefault>
			<measuredValue index="0">
				<measuredValue>
					<basicData xsi:type="TrafficStatus">
						<trafficStatus numberOfInputValuesUsed="0">
							<trafficStatusValue>freeFlow</trafficStatusValue>
						</trafficStatus>
					</basicData>
				</measuredValue>
			</measuredValue>
		</siteMeasurements>
		<siteMeasurements>
			<measurementSiteReference targetClass="MeasurementSiteRecord" id="MYL42.51" version="1.0"></measurementSiteReference>
			<measurementTimeDefault>2022-01-05T17:12:00+01:00</measurementTimeDefault>
			<measuredValue index="7">
				<measuredValue>
					<basicData xsi:type="TrafficStatus">
						<trafficStatus numberOfInputValuesUsed="0">
							<trafficStatusValue>freeFlow</trafficStatusValue>
						</trafficStatus>
					</basicData>
				</measuredValue>
			</measuredValue>
		</siteMeasurements>
		<siteMeasurements>
			<measurementSiteReference targetClass="MeasurementSiteRecord" id="MYL42.53" version="1.0"></measurementSiteReference>
			<measurementTimeDefault>2022-01-05T17:12:00+01:00</measurementTimeDefault>
			<measuredValue index="7">
				<measuredValue>
					<basicData xsi:type="TrafficStatus">
						<trafficStatus numberOfInputValuesUsed="0">
							<trafficStatusValue>freeFlow</trafficStatusValue>
						</trafficStatus>
					</basicData>
				</measuredValue>
			</measuredValue>
		</siteMeasurements>
		<siteMeasurements>
			<measurementSiteReference targetClass="MeasurementSiteRecord" id="MYL42.f1" version="1.0"></measurementSiteReference>
			<measurementTimeDefault>2022-01-05T17:12:00+01:00</measurementTimeDefault>
			<measuredValue index="17">
				<measuredValue>
					<basicData xsi:type="TrafficStatus">
						<trafficStatus numberOfInputValuesUsed="0">
							<trafficStatusValue>freeFlow</trafficStatusValue>
						</trafficStatus>
					</basicData>
				</measuredValue>
			</measuredValue>
		</siteMeasurements>
		<siteMeasurements>
			<measurementSiteReference targetClass="MeasurementSiteRecord" id="MYL42.85" version="1.0"></measurementSiteReference>
			<measurementTimeDefault>2022-01-05T17:12:00+01:00</measurementTimeDefault>
			<measuredValue index="0">
				<measuredValue>
					<basicData xsi:type="TrafficStatus">
						<trafficStatus numberOfInputValuesUsed="0">
							<trafficStatusValue>freeFlow</trafficStatusValue>
						</trafficStatus>
					</basicData>
				</measuredValue>
			</measuredValue>
		</siteMeasurements>
		<siteMeasurements>
			<measurementSiteReference targetClass="MeasurementSiteRecord" id="MYL42.L9" version="1.0"></measurementSiteReference>
			<measurementTimeDefault>2022-01-05T17:12:00+01:00</measurementTimeDefault>
			<measuredValue index="7">
				<measuredValue>
					<basicData xsi:type="TrafficStatus">
						<trafficStatus numberOfInputValuesUsed="0">
							<trafficStatusValue>freeFlow</trafficStatusValue>
						</trafficStatus>
					</basicData>
				</measuredValue>
			</measuredValue>
		</siteMeasurements>
		<siteMeasurements>
			<measurementSiteReference targetClass="MeasurementSiteRecord" id="MYL42.86" version="1.0"></measurementSiteReference>
			<measurementTimeDefault>2022-01-05T17:12:00+01:00</measurementTimeDefault>
			<measuredValue index="0">
				<measuredValue>
					<basicData xsi:type="TrafficStatus">
						<trafficStatus numberOfInputValuesUsed="0">
							<trafficStatusValue>freeFlow</trafficStatusValue>
						</trafficStatus>
					</basicData>
				</measuredValue>
			</measuredValue>
		</siteMeasurements>
		<siteMeasurements>
			<measurementSiteReference targetClass="MeasurementSiteRecord" id="MYL42.D2" version="1.0"></measurementSiteReference>
			<measurementTimeDefault>2022-01-05T17:12:00+01:00</measurementTimeDefault>
			<measuredValue index="5">
				<measuredValue>
					<basicData xsi:type="TrafficStatus">
						<trafficStatus numberOfInputValuesUsed="0">
							<trafficStatusValue>freeFlow</trafficStatusValue>
						</trafficStatus>
					</basicData>
				</measuredValue>
			</measuredValue>
		</siteMeasurements>
		<siteMeasurements>
			<measurementSiteReference targetClass="MeasurementSiteRecord" id="MYL42.U2" version="1.0"></measurementSiteReference>
			<measurementTimeDefault>2022-01-05T17:12:00+01:00</measurementTimeDefault>
			<measuredValue index="5">
				<measuredValue>
					<basicData xsi:type="TrafficStatus">
						<trafficStatus numberOfInputValuesUsed="0">
							<trafficStatusValue>heavy</trafficStatusValue>
						</trafficStatus>
					</basicData>
				</measuredValue>
			</measuredValue>
		</siteMeasurements>
		<siteMeasurements>
			<measurementSiteReference targetClass="MeasurementSiteRecord" id="MYL42.L8" version="1.0"></measurementSiteReference>
			<measurementTimeDefault>2022-01-05T17:12:00+01:00</measurementTimeDefault>
			<measuredValue index="7">
				<measuredValue>
					<basicData xsi:type="TrafficStatus">
						<trafficStatus numberOfInputValuesUsed="0">
							<trafficStatusValue>freeFlow</trafficStatusValue>
						</trafficStatus>
					</basicData>
				</measuredValue>
			</measuredValue>
		</siteMeasurements>
		<siteMeasurements>
			<measurementSiteReference targetClass="MeasurementSiteRecord" id="MYL42.N2" version="1.0"></measurementSiteReference>
			<measurementTimeDefault>2022-01-05T17:12:00+01:00</measurementTimeDefault>
			<measuredValue index="5">
				<measuredValue>
					<basicData xsi:type="TrafficStatus">
						<trafficStatus numberOfInputValuesUsed="0">
							<trafficStatusValue>freeFlow</trafficStatusValue>
						</trafficStatus>
					</basicData>
				</measuredValue>
			</measuredValue>
		</siteMeasurements>
		<siteMeasurements>
			<measurementSiteReference targetClass="MeasurementSiteRecord" id="MYL42.J2" version="1.0"></measurementSiteReference>
			<measurementTimeDefault>2022-01-05T17:12:00+01:00</measurementTimeDefault>
			<measuredValue index="5">
				<measuredValue>
					<basicData xsi:type="TrafficStatus">
						<trafficStatus numberOfInputValuesUsed="0">
							<trafficStatusValue>unknown</trafficStatusValue>
						</trafficStatus>
					</basicData>
				</measuredValue>
			</measuredValue>
		</siteMeasurements>
		<siteMeasurements>
			<measurementSiteReference targetClass="MeasurementSiteRecord" id="MYL42.L6" version="1.0"></measurementSiteReference>
			<measurementTimeDefault>2022-01-05T17:12:00+01:00</measurementTimeDefault>
			<measuredValue index="7">
				<measuredValue>
					<basicData xsi:type="TrafficStatus">
						<trafficStatus numberOfInputValuesUsed="0">
							<trafficStatusValue>freeFlow</trafficStatusValue>
						</trafficStatus>
					</basicData>
				</measuredValue>
			</measuredValue>
		</siteMeasurements>
		<siteMeasurements>
			<measurementSiteReference targetClass="MeasurementSiteRecord" id="MYL42.96" version="1.0"></measurementSiteReference>
			<measurementTimeDefault>2022-01-05T17:12:00+01:00</measurementTimeDefault>
			<measuredValue index="0">
				<measuredValue>
					<basicData xsi:type="TrafficStatus">
						<trafficStatus numberOfInputValuesUsed="0">
							<trafficStatusValue>freeFlow</trafficStatusValue>
						</trafficStatus>
					</basicData>
				</measuredValue>
			</measuredValue>
		</siteMeasurements>
		<siteMeasurements>
			<measurementSiteReference targetClass="MeasurementSiteRecord" id="MYL42.54" version="1.0"></measurementSiteReference>
			<measurementTimeDefault>2022-01-05T17:12:00+01:00</measurementTimeDefault>
			<measuredValue index="0">
				<measuredValue>
					<basicData xsi:type="TrafficStatus">
						<trafficStatus numberOfInputValuesUsed="0">
							<trafficStatusValue>freeFlow</trafficStatusValue>
						</trafficStatus>
					</basicData>
				</measuredValue>
			</measuredValue>
		</siteMeasurements>
		<siteMeasurements>
			<measurementSiteReference targetClass="MeasurementSiteRecord" id="MYL42.52" version="1.0"></measurementSiteReference>
			<measurementTimeDefault>2022-01-05T17:12:00+01:00</measurementTimeDefault>
			<measuredValue index="7">
				<measuredValue>
					<basicData xsi:type="TrafficStatus">
						<trafficStatus numberOfInputValuesUsed="0">
							<trafficStatusValue>freeFlow</trafficStatusValue>
						</trafficStatus>
					</basicData>
				</measuredValue>
			</measuredValue>
		</siteMeasurements>
		<siteMeasurements>
			<measurementSiteReference targetClass="MeasurementSiteRecord" id="MYL42.f2" version="1.0"></measurementSiteReference>
			<measurementTimeDefault>2022-01-05T17:12:00+01:00</measurementTimeDefault>
			<measuredValue index="17">
				<measuredValue>
					<basicData xsi:type="TrafficStatus">
						<trafficStatus numberOfInputValuesUsed="0">
							<trafficStatusValue>freeFlow</trafficStatusValue>
						</trafficStatus>
					</basicData>
				</measuredValue>
			</measuredValue>
		</siteMeasurements>
		<siteMeasurements>
			<measurementSiteReference targetClass="MeasurementSiteRecord" id="MYL42.P1" version="1.0"></measurementSiteReference>
			<measurementTimeDefault>2022-01-05T17:12:00+01:00</measurementTimeDefault>
			<measuredValue index="7">
				<measuredValue>
					<basicData xsi:type="TrafficStatus">
						<trafficStatus numberOfInputValuesUsed="0">
							<trafficStatusValue>freeFlow</trafficStatusValue>
						</trafficStatus>
					</basicData>
				</measuredValue>
			</measuredValue>
		</siteMeasurements>
		<siteMeasurements>
			<measurementSiteReference targetClass="MeasurementSiteRecord" id="MYL42.81" version="1.0"></measurementSiteReference>
			<measurementTimeDefault>2022-01-05T17:12:00+01:00</measurementTimeDefault>
			<measuredValue index="7">
				<measuredValue>
					<basicData xsi:type="TrafficStatus">
						<trafficStatus numberOfInputValuesUsed="0">
							<trafficStatusValue>freeFlow</trafficStatusValue>
						</trafficStatus>
					</basicData>
				</measuredValue>
			</measuredValue>
		</siteMeasurements>
		<siteMeasurements>
			<measurementSiteReference targetClass="MeasurementSiteRecord" id="MYL42.83" version="1.0"></measurementSiteReference>
			<measurementTimeDefault>2022-01-05T17:12:00+01:00</measurementTimeDefault>
			<measuredValue index="7">
				<measuredValue>
					<basicData xsi:type="TrafficStatus">
						<trafficStatus numberOfInputValuesUsed="0">
							<trafficStatusValue>freeFlow</trafficStatusValue>
						</trafficStatus>
					</basicData>
				</measuredValue>
			</measuredValue>
		</siteMeasurements>
		<siteMeasurements>
			<measurementSiteReference targetClass="MeasurementSiteRecord" id="MYL42.R1" version="1.0"></measurementSiteReference>
			<measurementTimeDefault>2022-01-05T17:12:00+01:00</measurementTimeDefault>
			<measuredValue index="7">
				<measuredValue>
					<basicData xsi:type="TrafficStatus">
						<trafficStatus numberOfInputValuesUsed="0">
							<trafficStatusValue>freeFlow</trafficStatusValue>
						</trafficStatus>
					</basicData>
				</measuredValue>
			</measuredValue>
		</siteMeasurements>
		<siteMeasurements>
			<measurementSiteReference targetClass="MeasurementSiteRecord" id="MYL42.Q1" version="1.0"></measurementSiteReference>
			<measurementTimeDefault>2022-01-05T17:12:00+01:00</measurementTimeDefault>
			<measuredValue index="7">
				<measuredValue>
					<basicData xsi:type="TrafficStatus">
						<trafficStatus numberOfInputValuesUsed="0">
							<trafficStatusValue>freeFlow</trafficStatusValue>
						</trafficStatus>
					</basicData>
				</measuredValue>
			</measuredValue>
		</siteMeasurements>
		<siteMeasurements>
			<measurementSiteReference targetClass="MeasurementSiteRecord" id="MYL42.S1" version="1.0"></measurementSiteReference>
			<measurementTimeDefault>2022-01-05T17:12:00+01:00</measurementTimeDefault>
			<measuredValue index="7">
				<measuredValue>
					<basicData xsi:type="TrafficStatus">
						<trafficStatus numberOfInputValuesUsed="0">
							<trafficStatusValue>freeFlow</trafficStatusValue>
						</trafficStatus>
					</basicData>
				</measuredValue>
			</measuredValue>
		</siteMeasurements>
		<siteMeasurements>
			<measurementSiteReference targetClass="MeasurementSiteRecord" id="MYL42.W1" version="1.0"></measurementSiteReference>
			<measurementTimeDefault>2022-01-05T17:12:00+01:00</measurementTimeDefault>
			<measuredValue index="7">
				<measuredValue>
					<basicData xsi:type="TrafficStatus">
						<trafficStatus numberOfInputValuesUsed="0">
							<trafficStatusValue>freeFlow</trafficStatusValue>
						</trafficStatus>
					</basicData>
				</measuredValue>
			</measuredValue>
		</siteMeasurements>
		<siteMeasurements>
			<measurementSiteReference targetClass="MeasurementSiteRecord" id="MYL42.F1" version="1.0"></measurementSiteReference>
			<measurementTimeDefault>2022-01-05T17:12:00+01:00</measurementTimeDefault>
			<measuredValue index="7">
				<measuredValue>
					<basicData xsi:type="TrafficStatus">
						<trafficStatus numberOfInputValuesUsed="0">
							<trafficStatusValue>freeFlow</trafficStatusValue>
						</trafficStatus>
					</basicData>
				</measuredValue>
			</measuredValue>
		</siteMeasurements>
		<siteMeasurements>
			<measurementSiteReference targetClass="MeasurementSiteRecord" id="MYL42.A7" version="1.0"></measurementSiteReference>
			<measurementTimeDefault>2022-01-05T17:12:00+01:00</measurementTimeDefault>
			<measuredValue index="7">
				<measuredValue>
					<basicData xsi:type="TrafficStatus">
						<trafficStatus numberOfInputValuesUsed="0">
							<trafficStatusValue>freeFlow</trafficStatusValue>
						</trafficStatus>
					</basicData>
				</measuredValue>
			</measuredValue>
		</siteMeasurements>
		<siteMeasurements>
			<measurementSiteReference targetClass="MeasurementSiteRecord" id="MYL42.A1" version="1.0"></measurementSiteReference>
			<measurementTimeDefault>2022-01-05T17:12:00+01:00</measurementTimeDefault>
			<measuredValue index="7">
				<measuredValue>
					<basicData xsi:type="TrafficStatus">
						<trafficStatus numberOfInputValuesUsed="0">
							<trafficStatusValue>freeFlow</trafficStatusValue>
						</trafficStatus>
					</basicData>
				</measuredValue>
			</measuredValue>
		</siteMeasurements>
		<siteMeasurements>
			<measurementSiteReference targetClass="MeasurementSiteRecord" id="MYL42.C1" version="1.0"></measurementSiteReference>
			<measurementTimeDefault>2022-01-05T17:12:00+01:00</measurementTimeDefault>
			<measuredValue index="7">
				<measuredValue>
					<basicData xsi:type="TrafficStatus">
						<trafficStatus numberOfInputValuesUsed="0">
							<trafficStatusValue>unknown</trafficStatusValue>
						</trafficStatus>
					</basicData>
				</measuredValue>
			</measuredValue>
		</siteMeasurements>
		<siteMeasurements>
			<measurementSiteReference targetClass="MeasurementSiteRecord" id="MYL42.Z1" version="1.0"></measurementSiteReference>
			<measurementTimeDefault>2022-01-05T17:12:00+01:00</measurementTimeDefault>
			<measuredValue index="7">
				<measuredValue>
					<basicData xsi:type="TrafficStatus">
						<trafficStatus numberOfInputValuesUsed="0">
							<trafficStatusValue>unknown</trafficStatusValue>
						</trafficStatus>
					</basicData>
				</measuredValue>
			</measuredValue>
		</siteMeasurements>
		<siteMeasurements>
			<measurementSiteReference targetClass="MeasurementSiteRecord" id="MYL42.K1" version="1.0"></measurementSiteReference>
			<measurementTimeDefault>2022-01-05T17:12:00+01:00</measurementTimeDefault>
			<measuredValue index="7">
				<measuredValue>
					<basicData xsi:type="TrafficStatus">
						<trafficStatus numberOfInputValuesUsed="0">
							<trafficStatusValue>freeFlow</trafficStatusValue>
						</trafficStatus>
					</basicData>
				</measuredValue>
			</measuredValue>
		</siteMeasurements>
		<siteMeasurements>
			<measurementSiteReference targetClass="MeasurementSiteRecord" id="MYL42.Y1" version="1.0"></measurementSiteReference>
			<measurementTimeDefault>2022-01-05T17:12:00+01:00</measurementTimeDefault>
			<measuredValue index="7">
				<measuredValue>
					<basicData xsi:type="TrafficStatus">
						<trafficStatus numberOfInputValuesUsed="0">
							<trafficStatusValue>freeFlow</trafficStatusValue>
						</trafficStatus>
					</basicData>
				</measuredValue>
			</measuredValue>
		</siteMeasurements>
		<siteMeasurements>
			<measurementSiteReference targetClass="MeasurementSiteRecord" id="MYL42.91" version="1.0"></measurementSiteReference>
			<measurementTimeDefault>2022-01-05T17:12:00+01:00</measurementTimeDefault>
			<measuredValue index="7">
				<measuredValue>
					<basicData xsi:type="TrafficStatus">
						<trafficStatus numberOfInputValuesUsed="0">
							<trafficStatusValue>freeFlow</trafficStatusValue>
						</trafficStatus>
					</basicData>
				</measuredValue>
			</measuredValue>
		</siteMeasurements>
		<siteMeasurements>
			<measurementSiteReference targetClass="MeasurementSiteRecord" id="MYL42.H1" version="1.0"></measurementSiteReference>
			<measurementTimeDefault>2022-01-05T17:12:00+01:00</measurementTimeDefault>
			<measuredValue index="7">
				<measuredValue>
					<basicData xsi:type="TrafficStatus">
						<trafficStatus numberOfInputValuesUsed="0">
							<trafficStatusValue>freeFlow</trafficStatusValue>
						</trafficStatus>
					</basicData>
				</measuredValue>
			</measuredValue>
		</siteMeasurements>
		<siteMeasurements>
			<measurementSiteReference targetClass="MeasurementSiteRecord" id="MYL42.I1" version="1.0"></measurementSiteReference>
			<measurementTimeDefault>2022-01-05T17:12:00+01:00</measurementTimeDefault>
			<measuredValue index="7">
				<measuredValue>
					<basicData xsi:type="TrafficStatus">
						<trafficStatus numberOfInputValuesUsed="0">
							<trafficStatusValue>freeFlow</trafficStatusValue>
						</trafficStatus>
					</basicData>
				</measuredValue>
			</measuredValue>
		</siteMeasurements>
		<siteMeasurements>
			<measurementSiteReference targetClass="MeasurementSiteRecord" id="MYL42.E1" version="1.0"></measurementSiteReference>
			<measurementTimeDefault>2022-01-05T17:12:00+01:00</measurementTimeDefault>
			<measuredValue index="7">
				<measuredValue>
					<basicData xsi:type="TrafficStatus">
						<trafficStatus numberOfInputValuesUsed="0">
							<trafficStatusValue>freeFlow</trafficStatusValue>
						</trafficStatus>
					</basicData>
				</measuredValue>
			</measuredValue>
		</siteMeasurements>
		<siteMeasurements>
			<measurementSiteReference targetClass="MeasurementSiteRecord" id="MYL42.F5" version="1.0"></measurementSiteReference>
			<measurementTimeDefault>2022-01-05T17:12:00+01:00</measurementTimeDefault>
			<measuredValue index="7">
				<measuredValue>
					<basicData xsi:type="TrafficStatus">
						<trafficStatus numberOfInputValuesUsed="0">
							<trafficStatusValue>freeFlow</trafficStatusValue>
						</trafficStatus>
					</basicData>
				</measuredValue>
			</measuredValue>
		</siteMeasurements>
		<siteMeasurements>
			<measurementSiteReference targetClass="MeasurementSiteRecord" id="MYL42.g1" version="1.0"></measurementSiteReference>
			<measurementTimeDefault>2022-01-05T17:12:00+01:00</measurementTimeDefault>
			<measuredValue index="17">
				<measuredValue>
					<basicData xsi:type="TrafficStatus">
						<trafficStatus numberOfInputValuesUsed="0">
							<trafficStatusValue>freeFlow</trafficStatusValue>
						</trafficStatus>
					</basicData>
				</measuredValue>
			</measuredValue>
		</siteMeasurements>
		<siteMeasurements>
			<measurementSiteReference targetClass="MeasurementSiteRecord" id="MYL42.h1" version="1.0"></measurementSiteReference>
			<measurementTimeDefault>2022-01-05T17:12:00+01:00</measurementTimeDefault>
			<measuredValue index="17">
				<measuredValue>
					<basicData xsi:type="TrafficStatus">
						<trafficStatus numberOfInputValuesUsed="0">
							<trafficStatusValue>freeFlow</trafficStatusValue>
						</trafficStatus>
					</basicData>
				</measuredValue>
			</measuredValue>
		</siteMeasurements>
		<siteMeasurements>
			<measurementSiteReference targetClass="MeasurementSiteRecord" id="MYL42.T1" version="1.0"></measurementSiteReference>
			<measurementTimeDefault>2022-01-05T17:12:00+01:00</measurementTimeDefault>
			<measuredValue index="7">
				<measuredValue>
					<basicData xsi:type="TrafficStatus">
						<trafficStatus numberOfInputValuesUsed="0">
							<trafficStatusValue>freeFlow</trafficStatusValue>
						</trafficStatus>
					</basicData>
				</measuredValue>
			</measuredValue>
		</siteMeasurements>
		<siteMeasurements>
			<measurementSiteReference targetClass="MeasurementSiteRecord" id="MYL42.P2" version="1.0"></measurementSiteReference>
			<measurementTimeDefault>2022-01-05T17:12:00+01:00</measurementTimeDefault>
			<measuredValue index="5">
				<measuredValue>
					<basicData xsi:type="TrafficStatus">
						<trafficStatus numberOfInputValuesUsed="0">
							<trafficStatusValue>freeFlow</trafficStatusValue>
						</trafficStatus>
					</basicData>
				</measuredValue>
			</measuredValue>
		</siteMeasurements>
		<siteMeasurements>
			<measurementSiteReference targetClass="MeasurementSiteRecord" id="MYL42.82" version="1.0"></measurementSiteReference>
			<measurementTimeDefault>2022-01-05T17:12:00+01:00</measurementTimeDefault>
			<measuredValue index="7">
				<measuredValue>
					<basicData xsi:type="TrafficStatus">
						<trafficStatus numberOfInputValuesUsed="0">
							<trafficStatusValue>freeFlow</trafficStatusValue>
						</trafficStatus>
					</basicData>
				</measuredValue>
			</measuredValue>
		</siteMeasurements>
		<siteMeasurements>
			<measurementSiteReference targetClass="MeasurementSiteRecord" id="MYL42.84" version="1.0"></measurementSiteReference>
			<measurementTimeDefault>2022-01-05T17:12:00+01:00</measurementTimeDefault>
			<measuredValue index="0">
				<measuredValue>
					<basicData xsi:type="TrafficStatus">
						<trafficStatus numberOfInputValuesUsed="0">
							<trafficStatusValue>freeFlow</trafficStatusValue>
						</trafficStatus>
					</basicData>
				</measuredValue>
			</measuredValue>
		</siteMeasurements>
		<siteMeasurements>
			<measurementSiteReference targetClass="MeasurementSiteRecord" id="MYL42.R2" version="1.0"></measurementSiteReference>
			<measurementTimeDefault>2022-01-05T17:12:00+01:00</measurementTimeDefault>
			<measuredValue index="0">
				<measuredValue>
					<basicData xsi:type="TrafficStatus">
						<trafficStatus numberOfInputValuesUsed="0">
							<trafficStatusValue>freeFlow</trafficStatusValue>
						</trafficStatus>
					</basicData>
				</measuredValue>
			</measuredValue>
		</siteMeasurements>
		<siteMeasurements>
			<measurementSiteReference targetClass="MeasurementSiteRecord" id="MYL42.Q2" version="1.0"></measurementSiteReference>
			<measurementTimeDefault>2022-01-05T17:12:00+01:00</measurementTimeDefault>
			<measuredValue index="0">
				<measuredValue>
					<basicData xsi:type="TrafficStatus">
						<trafficStatus numberOfInputValuesUsed="0">
							<trafficStatusValue>freeFlow</trafficStatusValue>
						</trafficStatus>
					</basicData>
				</measuredValue>
			</measuredValue>
		</siteMeasurements>
		<siteMeasurements>
			<measurementSiteReference targetClass="MeasurementSiteRecord" id="MYL42.S2" version="1.0"></measurementSiteReference>
			<measurementTimeDefault>2022-01-05T17:12:00+01:00</measurementTimeDefault>
			<measuredValue index="5">
				<measuredValue>
					<basicData xsi:type="TrafficStatus">
						<trafficStatus numberOfInputValuesUsed="0">
							<trafficStatusValue>freeFlow</trafficStatusValue>
						</trafficStatus>
					</basicData>
				</measuredValue>
			</measuredValue>
		</siteMeasurements>
		<siteMeasurements>
			<measurementSiteReference targetClass="MeasurementSiteRecord" id="MYL42.W2" version="1.0"></measurementSiteReference>
			<measurementTimeDefault>2022-01-05T17:12:00+01:00</measurementTimeDefault>
			<measuredValue index="0">
				<measuredValue>
					<basicData xsi:type="TrafficStatus">
						<trafficStatus numberOfInputValuesUsed="0">
							<trafficStatusValue>freeFlow</trafficStatusValue>
						</trafficStatus>
					</basicData>
				</measuredValue>
			</measuredValue>
		</siteMeasurements>
		<siteMeasurements>
			<measurementSiteReference targetClass="MeasurementSiteRecord" id="MYL42.F2" version="1.0"></measurementSiteReference>
			<measurementTimeDefault>2022-01-05T17:12:00+01:00</measurementTimeDefault>
			<measuredValue index="5">
				<measuredValue>
					<basicData xsi:type="TrafficStatus">
						<trafficStatus numberOfInputValuesUsed="0">
							<trafficStatusValue>freeFlow</trafficStatusValue>
						</trafficStatus>
					</basicData>
				</measuredValue>
			</measuredValue>
		</siteMeasurements>
		<siteMeasurements>
			<measurementSiteReference targetClass="MeasurementSiteRecord" id="MYL42.A8" version="1.0"></measurementSiteReference>
			<measurementTimeDefault>2022-01-05T17:12:00+01:00</measurementTimeDefault>
			<measuredValue index="0">
				<measuredValue>
					<basicData xsi:type="TrafficStatus">
						<trafficStatus numberOfInputValuesUsed="0">
							<trafficStatusValue>freeFlow</trafficStatusValue>
						</trafficStatus>
					</basicData>
				</measuredValue>
			</measuredValue>
		</siteMeasurements>
		<siteMeasurements>
			<measurementSiteReference targetClass="MeasurementSiteRecord" id="MYL42.A2" version="1.0"></measurementSiteReference>
			<measurementTimeDefault>2022-01-05T17:12:00+01:00</measurementTimeDefault>
			<measuredValue index="5">
				<measuredValue>
					<basicData xsi:type="TrafficStatus">
						<trafficStatus numberOfInputValuesUsed="0">
							<trafficStatusValue>freeFlow</trafficStatusValue>
						</trafficStatus>
					</basicData>
				</measuredValue>
			</measuredValue>
		</siteMeasurements>
		<siteMeasurements>
			<measurementSiteReference targetClass="MeasurementSiteRecord" id="MYL42.C2" version="1.0"></measurementSiteReference>
			<measurementTimeDefault>2022-01-05T17:12:00+01:00</measurementTimeDefault>
			<measuredValue index="5">
				<measuredValue>
					<basicData xsi:type="TrafficStatus">
						<trafficStatus numberOfInputValuesUsed="0">
							<trafficStatusValue>freeFlow</trafficStatusValue>
						</trafficStatus>
					</basicData>
				</measuredValue>
			</measuredValue>
		</siteMeasurements>
		<siteMeasurements>
			<measurementSiteReference targetClass="MeasurementSiteRecord" id="MYL42.Z2" version="1.0"></measurementSiteReference>
			<measurementTimeDefault>2022-01-05T17:12:00+01:00</measurementTimeDefault>
			<measuredValue index="5">
				<measuredValue>
					<basicData xsi:type="TrafficStatus">
						<trafficStatus numberOfInputValuesUsed="0">
							<trafficStatusValue>unknown</trafficStatusValue>
						</trafficStatus>
					</basicData>
				</measuredValue>
			</measuredValue>
		</siteMeasurements>
		<siteMeasurements>
			<measurementSiteReference targetClass="MeasurementSiteRecord" id="MYL42.K2" version="1.0"></measurementSiteReference>
			<measurementTimeDefault>2022-01-05T17:12:00+01:00</measurementTimeDefault>
			<measuredValue index="5">
				<measuredValue>
					<basicData xsi:type="TrafficStatus">
						<trafficStatus numberOfInputValuesUsed="0">
							<trafficStatusValue>freeFlow</trafficStatusValue>
						</trafficStatus>
					</basicData>
				</measuredValue>
			</measuredValue>
		</siteMeasurements>
		<siteMeasurements>
			<measurementSiteReference targetClass="MeasurementSiteRecord" id="MYL42.Y2" version="1.0"></measurementSiteReference>
			<measurementTimeDefault>2022-01-05T17:12:00+01:00</measurementTimeDefault>
			<measuredValue index="5">
				<measuredValue>
					<basicData xsi:type="TrafficStatus">
						<trafficStatus numberOfInputValuesUsed="0">
							<trafficStatusValue>freeFlow</trafficStatusValue>
						</trafficStatus>
					</basicData>
				</measuredValue>
			</measuredValue>
		</siteMeasurements>
		<siteMeasurements>
			<measurementSiteReference targetClass="MeasurementSiteRecord" id="MYL42.92" version="1.0"></measurementSiteReference>
			<measurementTimeDefault>2022-01-05T17:12:00+01:00</measurementTimeDefault>
			<measuredValue index="5">
				<measuredValue>
					<basicData xsi:type="TrafficStatus">
						<trafficStatus numberOfInputValuesUsed="0">
							<trafficStatusValue>freeFlow</trafficStatusValue>
						</trafficStatus>
					</basicData>
				</measuredValue>
			</measuredValue>
		</siteMeasurements>
		<siteMeasurements>
			<measurementSiteReference targetClass="MeasurementSiteRecord" id="MYL42.I2" version="1.0"></measurementSiteReference>
			<measurementTimeDefault>2022-01-05T17:12:00+01:00</measurementTimeDefault>
			<measuredValue index="5">
				<measuredValue>
					<basicData xsi:type="TrafficStatus">
						<trafficStatus numberOfInputValuesUsed="0">
							<trafficStatusValue>heavy</trafficStatusValue>
						</trafficStatus>
					</basicData>
				</measuredValue>
			</measuredValue>
		</siteMeasurements>
		<siteMeasurements>
			<measurementSiteReference targetClass="MeasurementSiteRecord" id="MYL42.H2" version="1.0"></measurementSiteReference>
			<measurementTimeDefault>2022-01-05T17:12:00+01:00</measurementTimeDefault>
			<measuredValue index="0">
				<measuredValue>
					<basicData xsi:type="TrafficStatus">
						<trafficStatus numberOfInputValuesUsed="0">
							<trafficStatusValue>freeFlow</trafficStatusValue>
						</trafficStatus>
					</basicData>
				</measuredValue>
			</measuredValue>
		</siteMeasurements>
		<siteMeasurements>
			<measurementSiteReference targetClass="MeasurementSiteRecord" id="MYL42.E2" version="1.0"></measurementSiteReference>
			<measurementTimeDefault>2022-01-05T17:12:00+01:00</measurementTimeDefault>
			<measuredValue index="5">
				<measuredValue>
					<basicData xsi:type="TrafficStatus">
						<trafficStatus numberOfInputValuesUsed="0">
							<trafficStatusValue>freeFlow</trafficStatusValue>
						</trafficStatus>
					</basicData>
				</measuredValue>
			</measuredValue>
		</siteMeasurements>
		<siteMeasurements>
			<measurementSiteReference targetClass="MeasurementSiteRecord" id="MYL42.F6" version="1.0"></measurementSiteReference>
			<measurementTimeDefault>2022-01-05T17:12:00+01:00</measurementTimeDefault>
			<measuredValue index="5">
				<measuredValue>
					<basicData xsi:type="TrafficStatus">
						<trafficStatus numberOfInputValuesUsed="0">
							<trafficStatusValue>freeFlow</trafficStatusValue>
						</trafficStatus>
					</basicData>
				</measuredValue>
			</measuredValue>
		</siteMeasurements>
		<siteMeasurements>
			<measurementSiteReference targetClass="MeasurementSiteRecord" id="MYL42.g2" version="1.0"></measurementSiteReference>
			<measurementTimeDefault>2022-01-05T17:12:00+01:00</measurementTimeDefault>
			<measuredValue index="45">
				<measuredValue>
					<basicData xsi:type="TrafficStatus">
						<trafficStatus numberOfInputValuesUsed="0">
							<trafficStatusValue>freeFlow</trafficStatusValue>
						</trafficStatus>
					</basicData>
				</measuredValue>
			</measuredValue>
		</siteMeasurements>
		<siteMeasurements>
			<measurementSiteReference targetClass="MeasurementSiteRecord" id="MYL42.T2" version="1.0"></measurementSiteReference>
			<measurementTimeDefault>2022-01-05T17:12:00+01:00</measurementTimeDefault>
			<measuredValue index="5">
				<measuredValue>
					<basicData xsi:type="TrafficStatus">
						<trafficStatus numberOfInputValuesUsed="0">
							<trafficStatusValue>freeFlow</trafficStatusValue>
						</trafficStatus>
					</basicData>
				</measuredValue>
			</measuredValue>
		</siteMeasurements>
		<siteMeasurements>
			<measurementSiteReference targetClass="MeasurementSiteRecord" id="MYL42.h2" version="1.0"></measurementSiteReference>
			<measurementTimeDefault>2022-01-05T17:12:00+01:00</measurementTimeDefault>
			<measuredValue index="45">
				<measuredValue>
					<basicData xsi:type="TrafficStatus">
						<trafficStatus numberOfInputValuesUsed="0">
							<trafficStatusValue>freeFlow</trafficStatusValue>
						</trafficStatus>
					</basicData>
				</measuredValue>
			</measuredValue>
		</siteMeasurements>
		<siteMeasurements>
			<measurementSiteReference targetClass="MeasurementSiteRecord" id="MYR69.A1" version="1.0"></measurementSiteReference>
			<measurementTimeDefault>2022-01-05T17:12:00+01:00</measurementTimeDefault>
			<measuredValue index="7">
				<measuredValue>
					<basicData xsi:type="TrafficStatus">
						<trafficStatus numberOfInputValuesUsed="0">
							<trafficStatusValue>freeFlow</trafficStatusValue>
						</trafficStatus>
					</basicData>
				</measuredValue>
			</measuredValue>
		</siteMeasurements>
		<siteMeasurements>
			<measurementSiteReference targetClass="MeasurementSiteRecord" id="MYR69.91" version="1.0"></measurementSiteReference>
			<measurementTimeDefault>2022-01-05T17:12:00+01:00</measurementTimeDefault>
			<measuredValue index="7">
				<measuredValue>
					<basicData xsi:type="TrafficStatus">
						<trafficStatus numberOfInputValuesUsed="0">
							<trafficStatusValue>freeFlow</trafficStatusValue>
						</trafficStatus>
					</basicData>
				</measuredValue>
			</measuredValue>
		</siteMeasurements>
		<siteMeasurements>
			<measurementSiteReference targetClass="MeasurementSiteRecord" id="MYR69.B1" version="1.0"></measurementSiteReference>
			<measurementTimeDefault>2022-01-05T17:12:00+01:00</measurementTimeDefault>
			<measuredValue index="7">
				<measuredValue>
					<basicData xsi:type="TrafficStatus">
						<trafficStatus numberOfInputValuesUsed="0">
							<trafficStatusValue>freeFlow</trafficStatusValue>
						</trafficStatus>
					</basicData>
				</measuredValue>
			</measuredValue>
		</siteMeasurements>
		<siteMeasurements>
			<measurementSiteReference targetClass="MeasurementSiteRecord" id="MYL42.61" version="1.0"></measurementSiteReference>
			<measurementTimeDefault>2022-01-05T17:12:00+01:00</measurementTimeDefault>
			<measuredValue index="7">
				<measuredValue>
					<basicData xsi:type="TrafficStatus">
						<trafficStatus numberOfInputValuesUsed="0">
							<trafficStatusValue>freeFlow</trafficStatusValue>
						</trafficStatus>
					</basicData>
				</measuredValue>
			</measuredValue>
		</siteMeasurements>
		<siteMeasurements>
			<measurementSiteReference targetClass="MeasurementSiteRecord" id="MYL42.O1" version="1.0"></measurementSiteReference>
			<measurementTimeDefault>2022-01-05T17:12:00+01:00</measurementTimeDefault>
			<measuredValue index="42">
				<measuredValue>
					<basicData xsi:type="TrafficStatus">
						<trafficStatus numberOfInputValuesUsed="0">
							<trafficStatusValue>freeFlow</trafficStatusValue>
						</trafficStatus>
					</basicData>
				</measuredValue>
			</measuredValue>
		</siteMeasurements>
		<siteMeasurements>
			<measurementSiteReference targetClass="MeasurementSiteRecord" id="MYL42.21" version="1.0"></measurementSiteReference>
			<measurementTimeDefault>2022-01-05T17:12:00+01:00</measurementTimeDefault>
			<measuredValue index="7">
				<measuredValue>
					<basicData xsi:type="TrafficStatus">
						<trafficStatus numberOfInputValuesUsed="0">
							<trafficStatusValue>freeFlow</trafficStatusValue>
						</trafficStatus>
					</basicData>
				</measuredValue>
			</measuredValue>
		</siteMeasurements>
		<siteMeasurements>
			<measurementSiteReference targetClass="MeasurementSiteRecord" id="MYL42.71" version="1.0"></measurementSiteReference>
			<measurementTimeDefault>2022-01-05T17:12:00+01:00</measurementTimeDefault>
			<measuredValue index="7">
				<measuredValue>
					<basicData xsi:type="TrafficStatus">
						<trafficStatus numberOfInputValuesUsed="0">
							<trafficStatusValue>freeFlow</trafficStatusValue>
						</trafficStatus>
					</basicData>
				</measuredValue>
			</measuredValue>
		</siteMeasurements>
		<siteMeasurements>
			<measurementSiteReference targetClass="MeasurementSiteRecord" id="MYR69.61" version="1.0"></measurementSiteReference>
			<measurementTimeDefault>2022-01-05T17:12:00+01:00</measurementTimeDefault>
			<measuredValue index="7">
				<measuredValue>
					<basicData xsi:type="TrafficStatus">
						<trafficStatus numberOfInputValuesUsed="0">
							<trafficStatusValue>freeFlow</trafficStatusValue>
						</trafficStatus>
					</basicData>
				</measuredValue>
			</measuredValue>
		</siteMeasurements>
		<siteMeasurements>
			<measurementSiteReference targetClass="MeasurementSiteRecord" id="MYR69.83" version="1.0"></measurementSiteReference>
			<measurementTimeDefault>2022-01-05T17:12:00+01:00</measurementTimeDefault>
			<measuredValue index="7">
				<measuredValue>
					<basicData xsi:type="TrafficStatus">
						<trafficStatus numberOfInputValuesUsed="0">
							<trafficStatusValue>freeFlow</trafficStatusValue>
						</trafficStatus>
					</basicData>
				</measuredValue>
			</measuredValue>
		</siteMeasurements>
		<siteMeasurements>
			<measurementSiteReference targetClass="MeasurementSiteRecord" id="MYL42.31" version="1.0"></measurementSiteReference>
			<measurementTimeDefault>2022-01-05T17:12:00+01:00</measurementTimeDefault>
			<measuredValue index="7">
				<measuredValue>
					<basicData xsi:type="TrafficStatus">
						<trafficStatus numberOfInputValuesUsed="0">
							<trafficStatusValue>freeFlow</trafficStatusValue>
						</trafficStatus>
					</basicData>
				</measuredValue>
			</measuredValue>
		</siteMeasurements>
		<siteMeasurements>
			<measurementSiteReference targetClass="MeasurementSiteRecord" id="MYL42.B1" version="1.0"></measurementSiteReference>
			<measurementTimeDefault>2022-01-05T17:12:00+01:00</measurementTimeDefault>
			<measuredValue index="7">
				<measuredValue>
					<basicData xsi:type="TrafficStatus">
						<trafficStatus numberOfInputValuesUsed="0">
							<trafficStatusValue>freeFlow</trafficStatusValue>
						</trafficStatus>
					</basicData>
				</measuredValue>
			</measuredValue>
		</siteMeasurements>
		<siteMeasurements>
			<measurementSiteReference targetClass="MeasurementSiteRecord" id="MYL42.M1" version="1.0"></measurementSiteReference>
			<measurementTimeDefault>2022-01-05T17:12:00+01:00</measurementTimeDefault>
			<measuredValue index="7">
				<measuredValue>
					<basicData xsi:type="TrafficStatus">
						<trafficStatus numberOfInputValuesUsed="0">
							<trafficStatusValue>freeFlow</trafficStatusValue>
						</trafficStatus>
					</basicData>
				</measuredValue>
			</measuredValue>
		</siteMeasurements>
		<siteMeasurements>
			<measurementSiteReference targetClass="MeasurementSiteRecord" id="MYL42.a1" version="1.0"></measurementSiteReference>
			<measurementTimeDefault>2022-01-05T17:12:00+01:00</measurementTimeDefault>
			<measuredValue index="24">
				<measuredValue>
					<basicData xsi:type="TrafficStatus">
						<trafficStatus numberOfInputValuesUsed="0">
							<trafficStatusValue>freeFlow</trafficStatusValue>
						</trafficStatus>
					</basicData>
				</measuredValue>
			</measuredValue>
		</siteMeasurements>
		<siteMeasurements>
			<measurementSiteReference targetClass="MeasurementSiteRecord" id="MYR69.51" version="1.0"></measurementSiteReference>
			<measurementTimeDefault>2022-01-05T17:12:00+01:00</measurementTimeDefault>
			<measuredValue index="17">
				<measuredValue>
					<basicData xsi:type="TrafficStatus">
						<trafficStatus numberOfInputValuesUsed="0">
							<trafficStatusValue>freeFlow</trafficStatusValue>
						</trafficStatus>
					</basicData>
				</measuredValue>
			</measuredValue>
		</siteMeasurements>
		<siteMeasurements>
			<measurementSiteReference targetClass="MeasurementSiteRecord" id="MYR69.81" version="1.0"></measurementSiteReference>
			<measurementTimeDefault>2022-01-05T17:12:00+01:00</measurementTimeDefault>
			<measuredValue index="7">
				<measuredValue>
					<basicData xsi:type="TrafficStatus">
						<trafficStatus numberOfInputValuesUsed="0">
							<trafficStatusValue>freeFlow</trafficStatusValue>
						</trafficStatus>
					</basicData>
				</measuredValue>
			</measuredValue>
		</siteMeasurements>
		<siteMeasurements>
			<measurementSiteReference targetClass="MeasurementSiteRecord" id="MYR69.31" version="1.0"></measurementSiteReference>
			<measurementTimeDefault>2022-01-05T17:12:00+01:00</measurementTimeDefault>
			<measuredValue index="45">
				<measuredValue>
					<basicData xsi:type="TrafficStatus">
						<trafficStatus numberOfInputValuesUsed="0">
							<trafficStatusValue>freeFlow</trafficStatusValue>
						</trafficStatus>
					</basicData>
				</measuredValue>
			</measuredValue>
		</siteMeasurements>
		<siteMeasurements>
			<measurementSiteReference targetClass="MeasurementSiteRecord" id="MYR69.41" version="1.0"></measurementSiteReference>
			<measurementTimeDefault>2022-01-05T17:12:00+01:00</measurementTimeDefault>
			<measuredValue index="45">
				<measuredValue>
					<basicData xsi:type="TrafficStatus">
						<trafficStatus numberOfInputValuesUsed="0">
							<trafficStatusValue>freeFlow</trafficStatusValue>
						</trafficStatus>
					</basicData>
				</measuredValue>
			</measuredValue>
		</siteMeasurements>
		<siteMeasurements>
			<measurementSiteReference targetClass="MeasurementSiteRecord" id="MYR69.77" version="1.0"></measurementSiteReference>
			<measurementTimeDefault>2022-01-05T17:12:00+01:00</measurementTimeDefault>
			<measuredValue index="7">
				<measuredValue>
					<basicData xsi:type="TrafficStatus">
						<trafficStatus numberOfInputValuesUsed="0">
							<trafficStatusValue>freeFlow</trafficStatusValue>
						</trafficStatus>
					</basicData>
				</measuredValue>
			</measuredValue>
		</siteMeasurements>
		<siteMeasurements>
			<measurementSiteReference targetClass="MeasurementSiteRecord" id="MYR69.71" version="1.0"></measurementSiteReference>
			<measurementTimeDefault>2022-01-05T17:12:00+01:00</measurementTimeDefault>
			<measuredValue index="7">
				<measuredValue>
					<basicData xsi:type="TrafficStatus">
						<trafficStatus numberOfInputValuesUsed="0">
							<trafficStatusValue>freeFlow</trafficStatusValue>
						</trafficStatus>
					</basicData>
				</measuredValue>
			</measuredValue>
		</siteMeasurements>
		<siteMeasurements>
			<measurementSiteReference targetClass="MeasurementSiteRecord" id="MYR69.A2" version="1.0"></measurementSiteReference>
			<measurementTimeDefault>2022-01-05T17:12:00+01:00</measurementTimeDefault>
			<measuredValue index="5">
				<measuredValue>
					<basicData xsi:type="TrafficStatus">
						<trafficStatus numberOfInputValuesUsed="0">
							<trafficStatusValue>freeFlow</trafficStatusValue>
						</trafficStatus>
					</basicData>
				</measuredValue>
			</measuredValue>
		</siteMeasurements>
		<siteMeasurements>
			<measurementSiteReference targetClass="MeasurementSiteRecord" id="MYR69.92" version="1.0"></measurementSiteReference>
			<measurementTimeDefault>2022-01-05T17:12:00+01:00</measurementTimeDefault>
			<measuredValue index="7">
				<measuredValue>
					<basicData xsi:type="TrafficStatus">
						<trafficStatus numberOfInputValuesUsed="0">
							<trafficStatusValue>freeFlow</trafficStatusValue>
						</trafficStatus>
					</basicData>
				</measuredValue>
			</measuredValue>
		</siteMeasurements>
		<siteMeasurements>
			<measurementSiteReference targetClass="MeasurementSiteRecord" id="MYR69.B2" version="1.0"></measurementSiteReference>
			<measurementTimeDefault>2022-01-05T17:12:00+01:00</measurementTimeDefault>
			<measuredValue index="5">
				<measuredValue>
					<basicData xsi:type="TrafficStatus">
						<trafficStatus numberOfInputValuesUsed="0">
							<trafficStatusValue>freeFlow</trafficStatusValue>
						</trafficStatus>
					</basicData>
				</measuredValue>
			</measuredValue>
		</siteMeasurements>
		<siteMeasurements>
			<measurementSiteReference targetClass="MeasurementSiteRecord" id="MYL42.62" version="1.0"></measurementSiteReference>
			<measurementTimeDefault>2022-01-05T17:12:00+01:00</measurementTimeDefault>
			<measuredValue index="5">
				<measuredValue>
					<basicData xsi:type="TrafficStatus">
						<trafficStatus numberOfInputValuesUsed="0">
							<trafficStatusValue>freeFlow</trafficStatusValue>
						</trafficStatus>
					</basicData>
				</measuredValue>
			</measuredValue>
		</siteMeasurements>
		<siteMeasurements>
			<measurementSiteReference targetClass="MeasurementSiteRecord" id="MYL42.O2" version="1.0"></measurementSiteReference>
			<measurementTimeDefault>2022-01-05T17:12:00+01:00</measurementTimeDefault>
			<measuredValue index="27">
				<measuredValue>
					<basicData xsi:type="TrafficStatus">
						<trafficStatus numberOfInputValuesUsed="0">
							<trafficStatusValue>freeFlow</trafficStatusValue>
						</trafficStatus>
					</basicData>
				</measuredValue>
			</measuredValue>
		</siteMeasurements>
		<siteMeasurements>
			<measurementSiteReference targetClass="MeasurementSiteRecord" id="MYL42.22" version="1.0"></measurementSiteReference>
			<measurementTimeDefault>2022-01-05T17:12:00+01:00</measurementTimeDefault>
			<measuredValue index="5">
				<measuredValue>
					<basicData xsi:type="TrafficStatus">
						<trafficStatus numberOfInputValuesUsed="0">
							<trafficStatusValue>freeFlow</trafficStatusValue>
						</trafficStatus>
					</basicData>
				</measuredValue>
			</measuredValue>
		</siteMeasurements>
		<siteMeasurements>
			<measurementSiteReference targetClass="MeasurementSiteRecord" id="MYL42.72" version="1.0"></measurementSiteReference>
			<measurementTimeDefault>2022-01-05T17:12:00+01:00</measurementTimeDefault>
			<measuredValue index="5">
				<measuredValue>
					<basicData xsi:type="TrafficStatus">
						<trafficStatus numberOfInputValuesUsed="0">
							<trafficStatusValue>freeFlow</trafficStatusValue>
						</trafficStatus>
					</basicData>
				</measuredValue>
			</measuredValue>
		</siteMeasurements>
		<siteMeasurements>
			<measurementSiteReference targetClass="MeasurementSiteRecord" id="MYR69.62" version="1.0"></measurementSiteReference>
			<measurementTimeDefault>2022-01-05T17:12:00+01:00</measurementTimeDefault>
			<measuredValue index="5">
				<measuredValue>
					<basicData xsi:type="TrafficStatus">
						<trafficStatus numberOfInputValuesUsed="0">
							<trafficStatusValue>freeFlow</trafficStatusValue>
						</trafficStatus>
					</basicData>
				</measuredValue>
			</measuredValue>
		</siteMeasurements>
		<siteMeasurements>
			<measurementSiteReference targetClass="MeasurementSiteRecord" id="MYR69.84" version="1.0"></measurementSiteReference>
			<measurementTimeDefault>2022-01-05T17:12:00+01:00</measurementTimeDefault>
			<measuredValue index="0">
				<measuredValue>
					<basicData xsi:type="TrafficStatus">
						<trafficStatus numberOfInputValuesUsed="0">
							<trafficStatusValue>freeFlow</trafficStatusValue>
						</trafficStatus>
					</basicData>
				</measuredValue>
			</measuredValue>
		</siteMeasurements>
		<siteMeasurements>
			<measurementSiteReference targetClass="MeasurementSiteRecord" id="MYL42.32" version="1.0"></measurementSiteReference>
			<measurementTimeDefault>2022-01-05T17:12:00+01:00</measurementTimeDefault>
			<measuredValue index="0">
				<measuredValue>
					<basicData xsi:type="TrafficStatus">
						<trafficStatus numberOfInputValuesUsed="0">
							<trafficStatusValue>freeFlow</trafficStatusValue>
						</trafficStatus>
					</basicData>
				</measuredValue>
			</measuredValue>
		</siteMeasurements>
		<siteMeasurements>
			<measurementSiteReference targetClass="MeasurementSiteRecord" id="MYL42.B2" version="1.0"></measurementSiteReference>
			<measurementTimeDefault>2022-01-05T17:12:00+01:00</measurementTimeDefault>
			<measuredValue index="5">
				<measuredValue>
					<basicData xsi:type="TrafficStatus">
						<trafficStatus numberOfInputValuesUsed="0">
							<trafficStatusValue>freeFlow</trafficStatusValue>
						</trafficStatus>
					</basicData>
				</measuredValue>
			</measuredValue>
		</siteMeasurements>
		<siteMeasurements>
			<measurementSiteReference targetClass="MeasurementSiteRecord" id="MYL42.M2" version="1.0"></measurementSiteReference>
			<measurementTimeDefault>2022-01-05T17:12:00+01:00</measurementTimeDefault>
			<measuredValue index="0">
				<measuredValue>
					<basicData xsi:type="TrafficStatus">
						<trafficStatus numberOfInputValuesUsed="0">
							<trafficStatusValue>freeFlow</trafficStatusValue>
						</trafficStatus>
					</basicData>
				</measuredValue>
			</measuredValue>
		</siteMeasurements>
		<siteMeasurements>
			<measurementSiteReference targetClass="MeasurementSiteRecord" id="MYL42.a2" version="1.0"></measurementSiteReference>
			<measurementTimeDefault>2022-01-05T17:12:00+01:00</measurementTimeDefault>
			<measuredValue index="5">
				<measuredValue>
					<basicData xsi:type="TrafficStatus">
						<trafficStatus numberOfInputValuesUsed="0">
							<trafficStatusValue>freeFlow</trafficStatusValue>
						</trafficStatus>
					</basicData>
				</measuredValue>
			</measuredValue>
		</siteMeasurements>
		<siteMeasurements>
			<measurementSiteReference targetClass="MeasurementSiteRecord" id="MYR69.52" version="1.0"></measurementSiteReference>
			<measurementTimeDefault>2022-01-05T17:12:00+01:00</measurementTimeDefault>
			<measuredValue index="17">
				<measuredValue>
					<basicData xsi:type="TrafficStatus">
						<trafficStatus numberOfInputValuesUsed="0">
							<trafficStatusValue>freeFlow</trafficStatusValue>
						</trafficStatus>
					</basicData>
				</measuredValue>
			</measuredValue>
		</siteMeasurements>
		<siteMeasurements>
			<measurementSiteReference targetClass="MeasurementSiteRecord" id="MYR69.82" version="1.0"></measurementSiteReference>
			<measurementTimeDefault>2022-01-05T17:12:00+01:00</measurementTimeDefault>
			<measuredValue index="7">
				<measuredValue>
					<basicData xsi:type="TrafficStatus">
						<trafficStatus numberOfInputValuesUsed="0">
							<trafficStatusValue>freeFlow</trafficStatusValue>
						</trafficStatus>
					</basicData>
				</measuredValue>
			</measuredValue>
		</siteMeasurements>
		<siteMeasurements>
			<measurementSiteReference targetClass="MeasurementSiteRecord" id="MYR69.32" version="1.0"></measurementSiteReference>
			<measurementTimeDefault>2022-01-05T17:12:00+01:00</measurementTimeDefault>
			<measuredValue index="45">
				<measuredValue>
					<basicData xsi:type="TrafficStatus">
						<trafficStatus numberOfInputValuesUsed="0">
							<trafficStatusValue>freeFlow</trafficStatusValue>
						</trafficStatus>
					</basicData>
				</measuredValue>
			</measuredValue>
		</siteMeasurements>
		<siteMeasurements>
			<measurementSiteReference targetClass="MeasurementSiteRecord" id="MYR69.42" version="1.0"></measurementSiteReference>
			<measurementTimeDefault>2022-01-05T17:12:00+01:00</measurementTimeDefault>
			<measuredValue index="17">
				<measuredValue>
					<basicData xsi:type="TrafficStatus">
						<trafficStatus numberOfInputValuesUsed="0">
							<trafficStatusValue>freeFlow</trafficStatusValue>
						</trafficStatus>
					</basicData>
				</measuredValue>
			</measuredValue>
		</siteMeasurements>
		<siteMeasurements>
			<measurementSiteReference targetClass="MeasurementSiteRecord" id="MYR69.78" version="1.0"></measurementSiteReference>
			<measurementTimeDefault>2022-01-05T17:12:00+01:00</measurementTimeDefault>
			<measuredValue index="0">
				<measuredValue>
					<basicData xsi:type="TrafficStatus">
						<trafficStatus numberOfInputValuesUsed="0">
							<trafficStatusValue>freeFlow</trafficStatusValue>
						</trafficStatus>
					</basicData>
				</measuredValue>
			</measuredValue>
		</siteMeasurements>
		<siteMeasurements>
			<measurementSiteReference targetClass="MeasurementSiteRecord" id="MYR69.72" version="1.0"></measurementSiteReference>
			<measurementTimeDefault>2022-01-05T17:12:00+01:00</measurementTimeDefault>
			<measuredValue index="5">
				<measuredValue>
					<basicData xsi:type="TrafficStatus">
						<trafficStatus numberOfInputValuesUsed="0">
							<trafficStatusValue>freeFlow</trafficStatusValue>
						</trafficStatus>
					</basicData>
				</measuredValue>
			</measuredValue>
		</siteMeasurements>
		<siteMeasurements>
			<measurementSiteReference targetClass="MeasurementSiteRecord" id="MYL42.L1" version="1.0"></measurementSiteReference>
			<measurementTimeDefault>2022-01-05T17:12:00+01:00</measurementTimeDefault>
			<measuredValue index="7">
				<measuredValue>
					<basicData xsi:type="TrafficStatus">
						<trafficStatus numberOfInputValuesUsed="0">
							<trafficStatusValue>freeFlow</trafficStatusValue>
						</trafficStatus>
					</basicData>
				</measuredValue>
			</measuredValue>
		</siteMeasurements>
		<siteMeasurements>
			<measurementSiteReference targetClass="MeasurementSiteRecord" id="MYL42.L2" version="1.0"></measurementSiteReference>
			<measurementTimeDefault>2022-01-05T17:12:00+01:00</measurementTimeDefault>
			<measuredValue index="7">
				<measuredValue>
					<basicData xsi:type="TrafficStatus">
						<trafficStatus numberOfInputValuesUsed="0">
							<trafficStatusValue>freeFlow</trafficStatusValue>
						</trafficStatus>
					</basicData>
				</measuredValue>
			</measuredValue>
		</siteMeasurements>
		<siteMeasurements>
			<measurementSiteReference targetClass="MeasurementSiteRecord" id="MYL42.V1" version="1.0"></measurementSiteReference>
			<measurementTimeDefault>2022-01-05T17:12:00+01:00</measurementTimeDefault>
			<measuredValue index="15">
				<measuredValue>
					<basicData xsi:type="TrafficStatus">
						<trafficStatus numberOfInputValuesUsed="0">
							<trafficStatusValue>freeFlow</trafficStatusValue>
						</trafficStatus>
					</basicData>
				</measuredValue>
			</measuredValue>
		</siteMeasurements>
		<siteMeasurements>
			<measurementSiteReference targetClass="MeasurementSiteRecord" id="MYL42.V2" version="1.0"></measurementSiteReference>
			<measurementTimeDefault>2022-01-05T17:12:00+01:00</measurementTimeDefault>
			<measuredValue index="9">
				<measuredValue>
					<basicData xsi:type="TrafficStatus">
						<trafficStatus numberOfInputValuesUsed="0">
							<trafficStatusValue>freeFlow</trafficStatusValue>
						</trafficStatus>
					</basicData>
				</measuredValue>
			</measuredValue>
		</siteMeasurements>
		<siteMeasurements>
			<measurementSiteReference targetClass="MeasurementSiteRecord" id="MYL42.41" version="1.0"></measurementSiteReference>
			<measurementTimeDefault>2022-01-05T17:12:00+01:00</measurementTimeDefault>
			<measuredValue index="17">
				<measuredValue>
					<basicData xsi:type="TrafficStatus">
						<trafficStatus numberOfInputValuesUsed="0">
							<trafficStatusValue>freeFlow</trafficStatusValue>
						</trafficStatus>
					</basicData>
				</measuredValue>
			</measuredValue>
		</siteMeasurements>
		<siteMeasurements>
			<measurementSiteReference targetClass="MeasurementSiteRecord" id="MYL42.42" version="1.0"></measurementSiteReference>
			<measurementTimeDefault>2022-01-05T17:12:00+01:00</measurementTimeDefault>
			<measuredValue index="45">
				<measuredValue>
					<basicData xsi:type="TrafficStatus">
						<trafficStatus numberOfInputValuesUsed="0">
							<trafficStatusValue>freeFlow</trafficStatusValue>
						</trafficStatus>
					</basicData>
				</measuredValue>
			</measuredValue>
		</siteMeasurements>
		<siteMeasurements>
			<measurementSiteReference targetClass="MeasurementSiteRecord" id="MYL42.G1" version="1.0"></measurementSiteReference>
			<measurementTimeDefault>2022-01-05T17:12:00+01:00</measurementTimeDefault>
			<measuredValue index="7">
				<measuredValue>
					<basicData xsi:type="TrafficStatus">
						<trafficStatus numberOfInputValuesUsed="0">
							<trafficStatusValue>freeFlow</trafficStatusValue>
						</trafficStatus>
					</basicData>
				</measuredValue>
			</measuredValue>
		</siteMeasurements>
		<siteMeasurements>
			<measurementSiteReference targetClass="MeasurementSiteRecord" id="MYL42.G2" version="1.0"></measurementSiteReference>
			<measurementTimeDefault>2022-01-05T17:12:00+01:00</measurementTimeDefault>
			<measuredValue index="5">
				<measuredValue>
					<basicData xsi:type="TrafficStatus">
						<trafficStatus numberOfInputValuesUsed="0">
							<trafficStatusValue>freeFlow</trafficStatusValue>
						</trafficStatus>
					</basicData>
				</measuredValue>
			</measuredValue>
		</siteMeasurements>
		<siteMeasurements>
			<measurementSiteReference targetClass="MeasurementSiteRecord" id="MYL42.c1" version="1.0"></measurementSiteReference>
			<measurementTimeDefault>2022-01-05T17:12:00+01:00</measurementTimeDefault>
			<measuredValue index="7">
				<measuredValue>
					<basicData xsi:type="TrafficStatus">
						<trafficStatus numberOfInputValuesUsed="0">
							<trafficStatusValue>freeFlow</trafficStatusValue>
						</trafficStatus>
					</basicData>
				</measuredValue>
			</measuredValue>
		</siteMeasurements>
		<siteMeasurements>
			<measurementSiteReference targetClass="MeasurementSiteRecord" id="MYL42.c2" version="1.0"></measurementSiteReference>
			<measurementTimeDefault>2022-01-05T17:12:00+01:00</measurementTimeDefault>
			<measuredValue index="5">
				<measuredValue>
					<basicData xsi:type="TrafficStatus">
						<trafficStatus numberOfInputValuesUsed="0">
							<trafficStatusValue>freeFlow</trafficStatusValue>
						</trafficStatus>
					</basicData>
				</measuredValue>
			</measuredValue>
		</siteMeasurements>
	</payloadPublication>
</d2LogicalModel>