<?xml version="1.0" encoding="utf-8"?>
<d2LogicalModel extensionName="TipiExtension" extensionVersion="0.3.FR.0.1" modelBaseVersion="2" xmlns="http://datex2.eu/schema/2/2_0" xmlns:xsi="http://www.w3.org/2001/XMLSchema-instance">
	<exchange>
		<clientIdentification>TIPI</clientIdentification>
		<supplierIdentification>
			<country>fr</country>
			<nationalIdentifier>TraficGentiane</nationalIdentifier>
		</supplierIdentification>
	</exchange>
	<payloadPublication xsi:type="MeasuredDataPublication" lang="fr">
		<publicationTime>2022-04-13T19:09:20</publicationTime>
		<publicationCreator>
			<country>fr</country>
			<nationalIdentifier>TraficGentiane</nationalIdentifier>
		</publicationCreator>
		<measurementSiteTableReference targetClass="MeasurementSiteTable" id="TraficGentiane" version="1"></measurementSiteTableReference>
		<headerInformation>
			<confidentiality>noRestriction</confidentiality>
			<informationStatus>real</informationStatus>
		</headerInformation>
		<siteMeasurements>
			<measurementSiteReference targetClass="MeasurementSiteRecord" id="MYi38.N1" version="1.0"></measurementSiteReference>
			<measurementTimeDefault>2022-04-13T19:08:00+02:00</measurementTimeDefault>
			<measuredValue index="7">
				<measuredValue>
					<basicData xsi:type="TrafficStatus">
						<trafficStatus numberOfInputValuesUsed="62">
							<trafficStatusValue>freeFlow</trafficStatusValue>
						</trafficStatus>
					</basicData>
				</measuredValue>
			</measuredValue>
		</siteMeasurements>
		<siteMeasurements>
			<measurementSiteReference targetClass="MeasurementSiteRecord" id="MYi38.H1" version="1.0"></measurementSiteReference>
			<measurementTimeDefault>2022-04-13T19:08:00+02:00</measurementTimeDefault>
			<measuredValue index="7">
				<measuredValue>
					<basicData xsi:type="TrafficStatus">
						<trafficStatus numberOfInputValuesUsed="45">
							<trafficStatusValue>freeFlow</trafficStatusValue>
						</trafficStatus>
					</basicData>
				</measuredValue>
			</measuredValue>
		</siteMeasurements>
		<siteMeasurements>
			<measurementSiteReference targetClass="MeasurementSiteRecord" id="MYi38.B1" version="1.0"></measurementSiteReference>
			<measurementTimeDefault>2022-04-13T19:08:00+02:00</measurementTimeDefault>
			<measuredValue index="7">
				<measuredValue>
					<basicData xsi:type="TrafficStatus">
						<trafficStatus numberOfInputValuesUsed="42">
							<trafficStatusValue>freeFlow</trafficStatusValue>
						</trafficStatus>
					</basicData>
				</measuredValue>
			</measuredValue>
		</siteMeasurements>
		<siteMeasurements>
			<measurementSiteReference targetClass="MeasurementSiteRecord" id="MYi38.O1" version="1.0"></measurementSiteReference>
			<measurementTimeDefault>2022-04-13T19:08:00+02:00</measurementTimeDefault>
			<measuredValue index="19">
				<measuredValue>
					<basicData xsi:type="TrafficStatus">
						<trafficStatus numberOfInputValuesUsed="42">
							<trafficStatusValue>freeFlow</trafficStatusValue>
						</trafficStatus>
					</basicData>
				</measuredValue>
			</measuredValue>
		</siteMeasurements>
		<siteMeasurements>
			<measurementSiteReference targetClass="MeasurementSiteRecord" id="MYI38.Q1" version="1.0"></measurementSiteReference>
			<measurementTimeDefault>2022-04-13T19:08:00+02:00</measurementTimeDefault>
			<measuredValue index="7">
				<measuredValue>
					<basicData xsi:type="TrafficStatus">
						<trafficStatus numberOfInputValuesUsed="44">
							<trafficStatusValue>freeFlow</trafficStatusValue>
						</trafficStatus>
					</basicData>
				</measuredValue>
			</measuredValue>
		</siteMeasurements>
		<siteMeasurements>
			<measurementSiteReference targetClass="MeasurementSiteRecord" id="MYi38.P1" version="1.0"></measurementSiteReference>
			<measurementTimeDefault>2022-04-13T19:08:00+02:00</measurementTimeDefault>
			<measuredValue index="7">
				<measuredValue>
					<basicData xsi:type="TrafficStatus">
						<trafficStatus numberOfInputValuesUsed="36">
							<trafficStatusValue>freeFlow</trafficStatusValue>
						</trafficStatus>
					</basicData>
				</measuredValue>
			</measuredValue>
		</siteMeasurements>
		<siteMeasurements>
			<measurementSiteReference targetClass="MeasurementSiteRecord" id="MYi38.C1" version="1.0"></measurementSiteReference>
			<measurementTimeDefault>2022-04-13T19:08:00+02:00</measurementTimeDefault>
			<measuredValue index="7">
				<measuredValue>
					<basicData xsi:type="TrafficStatus">
						<trafficStatus numberOfInputValuesUsed="21">
							<trafficStatusValue>freeFlow</trafficStatusValue>
						</trafficStatus>
					</basicData>
				</measuredValue>
			</measuredValue>
		</siteMeasurements>
		<siteMeasurements>
			<measurementSiteReference targetClass="MeasurementSiteRecord" id="MYi38.H2" version="1.0"></measurementSiteReference>
			<measurementTimeDefault>2022-04-13T19:08:00+02:00</measurementTimeDefault>
			<measuredValue index="0">
				<measuredValue>
					<basicData xsi:type="TrafficStatus">
						<trafficStatus numberOfInputValuesUsed="50">
							<trafficStatusValue>freeFlow</trafficStatusValue>
						</trafficStatus>
					</basicData>
				</measuredValue>
			</measuredValue>
		</siteMeasurements>
		<siteMeasurements>
			<measurementSiteReference targetClass="MeasurementSiteRecord" id="MYi38.B2" version="1.0"></measurementSiteReference>
			<measurementTimeDefault>2022-04-13T19:08:00+02:00</measurementTimeDefault>
			<measuredValue index="0">
				<measuredValue>
					<basicData xsi:type="TrafficStatus">
						<trafficStatus numberOfInputValuesUsed="57">
							<trafficStatusValue>freeFlow</trafficStatusValue>
						</trafficStatus>
					</basicData>
				</measuredValue>
			</measuredValue>
		</siteMeasurements>
		<siteMeasurements>
			<measurementSiteReference targetClass="MeasurementSiteRecord" id="MYi38.O2" version="1.0"></measurementSiteReference>
			<measurementTimeDefault>2022-04-13T19:08:00+02:00</measurementTimeDefault>
			<measuredValue index="0">
				<measuredValue>
					<basicData xsi:type="TrafficStatus">
						<trafficStatus numberOfInputValuesUsed="54">
							<trafficStatusValue>freeFlow</trafficStatusValue>
						</trafficStatus>
					</basicData>
				</measuredValue>
			</measuredValue>
		</siteMeasurements>
		<siteMeasurements>
			<measurementSiteReference targetClass="MeasurementSiteRecord" id="MYi38.N0" version="1.0"></measurementSiteReference>
			<measurementTimeDefault>2022-04-13T19:08:00+02:00</measurementTimeDefault>
			<measuredValue index="7">
				<measuredValue>
					<basicData xsi:type="TrafficStatus">
						<trafficStatus numberOfInputValuesUsed="0">
							<trafficStatusValue>unknown</trafficStatusValue>
						</trafficStatus>
					</basicData>
				</measuredValue>
			</measuredValue>
		</siteMeasurements>
		<siteMeasurements>
			<measurementSiteReference targetClass="MeasurementSiteRecord" id="MYI38.Q2" version="1.0"></measurementSiteReference>
			<measurementTimeDefault>2022-04-13T19:08:00+02:00</measurementTimeDefault>
			<measuredValue index="0">
				<measuredValue>
					<basicData xsi:type="TrafficStatus">
						<trafficStatus numberOfInputValuesUsed="63">
							<trafficStatusValue>freeFlow</trafficStatusValue>
						</trafficStatus>
					</basicData>
				</measuredValue>
			</measuredValue>
		</siteMeasurements>
		<siteMeasurements>
			<measurementSiteReference targetClass="MeasurementSiteRecord" id="MYi38.P2" version="1.0"></measurementSiteReference>
			<measurementTimeDefault>2022-04-13T19:08:00+02:00</measurementTimeDefault>
			<measuredValue index="0">
				<measuredValue>
					<basicData xsi:type="TrafficStatus">
						<trafficStatus numberOfInputValuesUsed="49">
							<trafficStatusValue>freeFlow</trafficStatusValue>
						</trafficStatus>
					</basicData>
				</measuredValue>
			</measuredValue>
		</siteMeasurements>
		<siteMeasurements>
			<measurementSiteReference targetClass="MeasurementSiteRecord" id="MYi38.C2" version="1.0"></measurementSiteReference>
			<measurementTimeDefault>2022-04-13T19:08:00+02:00</measurementTimeDefault>
			<measuredValue index="0">
				<measuredValue>
					<basicData xsi:type="TrafficStatus">
						<trafficStatus numberOfInputValuesUsed="44">
							<trafficStatusValue>freeFlow</trafficStatusValue>
						</trafficStatus>
					</basicData>
				</measuredValue>
			</measuredValue>
		</siteMeasurements>
		<siteMeasurements>
			<measurementSiteReference targetClass="MeasurementSiteRecord" id="MYI38.91" version="1.0"></measurementSiteReference>
			<measurementTimeDefault>2022-04-13T19:08:00+02:00</measurementTimeDefault>
			<measuredValue index="7">
				<measuredValue>
					<basicData xsi:type="TrafficStatus">
						<trafficStatus numberOfInputValuesUsed="15">
							<trafficStatusValue>freeFlow</trafficStatusValue>
						</trafficStatus>
					</basicData>
				</measuredValue>
			</measuredValue>
		</siteMeasurements>
		<siteMeasurements>
			<measurementSiteReference targetClass="MeasurementSiteRecord" id="MYI38.41" version="1.0"></measurementSiteReference>
			<measurementTimeDefault>2022-04-13T19:08:00+02:00</measurementTimeDefault>
			<measuredValue index="0">
				<measuredValue>
					<basicData xsi:type="TrafficStatus">
						<trafficStatus numberOfInputValuesUsed="9">
							<trafficStatusValue>freeFlow</trafficStatusValue>
						</trafficStatus>
					</basicData>
				</measuredValue>
			</measuredValue>
		</siteMeasurements>
		<siteMeasurements>
			<measurementSiteReference targetClass="MeasurementSiteRecord" id="MYI38.92" version="1.0"></measurementSiteReference>
			<measurementTimeDefault>2022-04-13T19:08:00+02:00</measurementTimeDefault>
			<measuredValue index="0">
				<measuredValue>
					<basicData xsi:type="TrafficStatus">
						<trafficStatus numberOfInputValuesUsed="24">
							<trafficStatusValue>freeFlow</trafficStatusValue>
						</trafficStatus>
					</basicData>
				</measuredValue>
			</measuredValue>
		</siteMeasurements>
		<siteMeasurements>
			<measurementSiteReference targetClass="MeasurementSiteRecord" id="MYI38.42" version="1.0"></measurementSiteReference>
			<measurementTimeDefault>2022-04-13T19:08:00+02:00</measurementTimeDefault>
			<measuredValue index="0">
				<measuredValue>
					<basicData xsi:type="TrafficStatus">
						<trafficStatus numberOfInputValuesUsed="16">
							<trafficStatusValue>freeFlow</trafficStatusValue>
						</trafficStatus>
					</basicData>
				</measuredValue>
			</measuredValue>
		</siteMeasurements>
		<siteMeasurements>
			<measurementSiteReference targetClass="MeasurementSiteRecord" id="MYi38.A1" version="1.0"></measurementSiteReference>
			<measurementTimeDefault>2022-04-13T19:08:00+02:00</measurementTimeDefault>
			<measuredValue index="7">
				<measuredValue>
					<basicData xsi:type="TrafficStatus">
						<trafficStatus numberOfInputValuesUsed="10">
							<trafficStatusValue>freeFlow</trafficStatusValue>
						</trafficStatus>
					</basicData>
				</measuredValue>
			</measuredValue>
		</siteMeasurements>
		<siteMeasurements>
			<measurementSiteReference targetClass="MeasurementSiteRecord" id="207_0010" version="1.0"></measurementSiteReference>
			<measurementTimeDefault>2022-04-13T19:08:00+02:00</measurementTimeDefault>
			<measuredValue index="0">
				<measuredValue>
					<basicData xsi:type="TrafficStatus">
						<trafficStatus numberOfInputValuesUsed="12">
							<trafficStatusValue>freeFlow</trafficStatusValue>
						</trafficStatus>
					</basicData>
				</measuredValue>
			</measuredValue>
		</siteMeasurements>
		<siteMeasurements>
			<measurementSiteReference targetClass="MeasurementSiteRecord" id="MYi38.A2" version="1.0"></measurementSiteReference>
			<measurementTimeDefault>2022-04-13T19:08:00+02:00</measurementTimeDefault>
			<measuredValue index="0">
				<measuredValue>
					<basicData xsi:type="TrafficStatus">
						<trafficStatus numberOfInputValuesUsed="9">
							<trafficStatusValue>freeFlow</trafficStatusValue>
						</trafficStatus>
					</basicData>
				</measuredValue>
			</measuredValue>
		</siteMeasurements>
		<siteMeasurements>
			<measurementSiteReference targetClass="MeasurementSiteRecord" id="207_0020" version="1.0"></measurementSiteReference>
			<measurementTimeDefault>2022-04-13T19:08:00+02:00</measurementTimeDefault>
			<measuredValue index="0">
				<measuredValue>
					<basicData xsi:type="TrafficStatus">
						<trafficStatus numberOfInputValuesUsed="11">
							<trafficStatusValue>freeFlow</trafficStatusValue>
						</trafficStatus>
					</basicData>
				</measuredValue>
			</measuredValue>
		</siteMeasurements>
	</payloadPublication>
</d2LogicalModel>